Frecuencia,Transaccionalidad,Ingresos,Cluster
5.0,121.36,1918.0,1
1.0,0.02,2000.0,1
36.0,6786.87,860.69,2
8.0,62.87,1354.39,0
12.0,1978.01,1586.03,1
13.0,1785.34,1704.0,1
2.0,60.04,487.0,0
9.0,1520.56,697.34,0
15.0,1692.3,756.0,0
2.0,0.04,640.0,0
2.0,34.3,1200.0,0
7.0,177.35,749.0,0
13.0,1717.88,874.59,0
10.0,1275.16,849.0,0
10.0,3725.2,1408.95,0
46.0,16080.91,1173.0,2
23.0,5376.75,1000.0,2
37.0,1623.27,158.0,2
1.0,0.03,1200.0,0
27.0,2136.91,0.0,2
3.0,40.74,1080.08,0
1.0,0.14,0.0,0
21.0,1744.18,650.0,0
3.0,247.01,3494.05,1
6.0,351.11,180.0,0
20.0,3090.62,1214.0,2
3.0,70.62,3530.51,1
10.0,371.26,904.52,0
14.0,1963.46,827.32,0
13.0,2689.11,840.0,0
19.0,2344.9,0.0,0
23.0,201.17,100.0,0
29.0,2955.19,1757.0,2
13.0,3551.15,2261.22,1
8.0,1371.08,1032.53,0
5.0,974.66,0.0,0
19.0,1957.4,560.0,0
1.0,0.02,825.0,0
2.0,0.07,472.98,0
20.0,6590.2,1206.72,2
7.0,1559.92,158.0,0
18.0,582.22,450.0,0
22.0,2541.76,589.0,2
8.0,2782.36,650.0,0
2.0,19.72,2320.0,1
5.0,278.98,278.0,0
1.0,0.02,920.67,0
28.0,1418.7,741.19,2
28.0,3189.69,1048.72,2
18.0,1422.51,807.63,0
11.0,1580.29,819.16,0
1.0,0.03,1550.0,1
14.0,1634.13,1133.0,0
2.0,537.32,0.0,0
4.0,2494.52,2387.24,1
6.0,226.8,158.0,0
25.0,3079.31,604.67,2
6.0,212.81,158.0,0
1.0,0.03,2200.0,1
3.0,625.52,2400.0,1
43.0,5319.98,833.0,2
20.0,1513.58,705.23,0
11.0,888.6,934.42,0
1.0,0.04,0.0,0
35.0,4330.18,927.0,2
12.0,552.08,807.63,0
9.0,304.19,158.0,0
49.0,26390.41,873.0,2
8.0,2220.59,1423.42,0
5.0,296.88,158.0,0
3.0,149.99,355.0,0
6.0,1912.06,1345.0,0
8.0,1490.0,919.16,0
10.0,153.81,1043.54,0
8.0,7181.37,0.0,0
11.0,1991.99,3116.98,1
2.0,72.57,0.0,0
27.0,1625.21,0.0,2
5.0,8195.58,1653.13,1
14.0,3419.01,1567.0,1
8.0,257.91,150.0,0
2.0,19.71,0.0,0
26.0,1678.11,969.16,2
26.0,2167.29,1178.0,2
15.0,2124.45,1022.18,0
34.0,2748.56,0.0,2
10.0,827.57,671.48,0
25.0,364.86,158.0,0
3.0,43.11,1045.0,0
31.0,2222.57,1022.18,2
4.0,82.87,650.0,0
1.0,0.05,0.0,0
15.0,2291.86,1003.0,0
28.0,4529.6,1306.64,2
13.0,1164.0,871.55,0
2.0,19.71,0.0,0
8.0,1596.54,896.03,0
11.0,2112.49,1570.0,1
17.0,1880.07,969.12,0
24.0,2329.95,849.15,2
18.0,2583.46,0.0,0
21.0,23677.36,605.53,2
7.0,258.25,150.0,0
18.0,3372.71,1082.88,2
3.0,301.26,3000.0,1
9.0,1101.0,519.0,0
24.0,2032.43,1090.0,2
19.0,7172.27,1255.0,2
9.0,1556.94,1312.04,0
2.0,466.08,528.15,0
23.0,2034.17,849.15,2
8.0,372.35,158.0,0
6.0,1690.15,2000.0,1
16.0,1219.31,156.78,0
10.0,183.0,1003.72,0
8.0,361.34,807.63,0
43.0,2070.08,815.32,2
9.0,1438.08,0.0,0
6.0,1036.64,888.37,0
15.0,2198.5,807.63,0
5.0,4334.29,4945.56,1
30.0,4434.95,0.0,2
9.0,307.12,150.0,0
14.0,1670.85,0.0,0
11.0,2957.6,1000.0,0
24.0,743.6,208.0,0
37.0,3660.39,1257.49,2
12.0,2057.3,947.6,0
13.0,2197.06,986.03,0
34.0,13007.87,849.0,2
28.0,520.64,158.0,2
2.0,19.71,726.0,0
13.0,411.93,150.0,0
10.0,2539.0,3868.2,1
31.0,7798.44,158.0,2
23.0,2927.69,1280.0,2
13.0,1845.98,730.0,0
1.0,0.02,807.63,0
15.0,2084.24,1917.34,1
2.0,321.24,485.0,0
9.0,955.95,1901.35,1
40.0,2074.91,878.13,2
11.0,1249.47,754.49,0
33.0,6598.32,1273.4,2
19.0,1774.57,819.16,0
4.0,653.45,703.0,0
9.0,1214.91,819.16,0
5.0,348.73,180.0,0
9.0,5490.9,2586.34,1
23.0,4894.41,1448.43,2
20.0,1961.26,800.0,0
15.0,1181.77,608.7,0
11.0,2564.5,849.15,0
24.0,3180.62,0.0,2
40.0,2476.28,807.63,2
9.0,1682.24,674.09,0
3.0,10.32,1257.49,0
20.0,2116.58,748.02,0
6.0,222.31,3980.0,1
5.0,214.66,969.12,0
34.0,2252.24,1017.0,2
8.0,4720.35,872.94,0
15.0,496.16,728.59,0
6.0,284.43,158.0,0
5.0,172.82,158.0,0
1.0,0.02,850.0,0
9.0,1763.86,1410.08,0
1.0,0.02,0.0,0
18.0,4388.22,1647.43,2
9.0,5709.01,1170.0,2
2.0,20.03,939.0,0
1.0,0.02,803.0,0
2.0,19.73,937.59,0
2.0,19.71,1022.0,0
25.0,2479.33,600.0,2
5.0,500.06,905.0,0
1.0,0.02,1400.0,0
21.0,2960.05,819.0,2
9.0,4201.9,0.0,0
23.0,7553.89,1298.0,2
20.0,1988.28,767.54,0
20.0,3324.92,3245.13,1
15.0,1957.37,819.16,0
8.0,3.56,1700.0,1
23.0,1703.16,0.0,0
2.0,19.71,3050.0,1
23.0,4640.97,1460.26,2
22.0,4066.99,1993.0,2
14.0,2064.38,1289.12,0
24.0,1652.73,979.0,2
1.0,0.02,0.0,0
42.0,2294.12,969.54,2
41.0,3831.75,710.91,2
4.0,23003.26,749.97,2
26.0,2728.96,1006.71,2
6.0,733.6,580.43,0
41.0,3646.07,2028.37,2
4.0,736.44,658.74,0
1.0,0.02,800.0,0
4.0,24.94,2200.0,1
5.0,4801.04,2812.0,1
2.0,19.71,650.0,0
12.0,449.49,150.0,0
21.0,2300.28,969.12,2
39.0,21152.14,833.77,2
11.0,1597.91,975.0,0
4.0,277.7,0.0,0
2.0,19.71,0.0,0
8.0,1192.77,860.69,0
32.0,5131.13,2349.61,2
3.0,1489.09,1618.0,1
16.0,3680.99,978.09,2
54.0,1553.89,477.38,2
32.0,1867.32,158.0,2
20.0,1862.1,750.31,0
18.0,1655.58,474.42,0
16.0,1821.68,833.77,0
16.0,2558.1,807.63,0
13.0,2127.94,1730.0,1
4.0,231.88,150.0,0
6.0,173.13,1003.72,0
7.0,1754.12,849.15,0
1.0,0.02,1250.0,0
5.0,309.25,180.0,0
1.0,0.02,100.0,0
26.0,2144.37,1000.0,2
2.0,1179.87,0.0,0
22.0,3801.15,324.9,2
18.0,2579.56,850.0,0
8.0,789.31,533.0,0
24.0,13921.1,652.0,2
12.0,1604.13,849.15,0
6.0,2764.25,1875.0,1
50.0,7561.4,0.0,2
18.0,710.71,158.0,0
23.0,2208.41,1130.0,2
11.0,1801.21,0.0,0
1.0,0.02,2850.0,1
11.0,165.14,930.0,0
29.0,2350.07,1000.72,2
12.0,2757.54,819.16,0
7.0,1140.21,807.63,0
1.0,0.02,0.0,0
25.0,1355.2,800.0,2
18.0,3293.36,950.0,2
17.0,4419.09,160.0,2
8.0,1086.29,0.0,0
12.0,2122.77,1003.72,0
7.0,1552.37,937.59,0
12.0,2097.51,731.0,0
17.0,1485.46,1572.57,1
1.0,0.02,0.0,0
13.0,22142.05,956.79,2
5.0,319.22,807.63,0
31.0,981.31,304.03,2
25.0,4476.19,803.0,2
10.0,1609.54,700.0,0
3.0,1263.15,890.0,0
39.0,2117.14,833.77,2
12.0,1853.87,986.03,0
1.0,0.04,2000.0,1
36.0,3905.81,1470.31,2
20.0,1804.95,921.77,0
37.0,2663.0,1150.0,2
8.0,262.15,158.0,0
4.0,27.14,700.0,0
24.0,5854.29,1109.77,2
7.0,249.81,158.0,0
10.0,1796.31,1220.0,0
3.0,590.08,793.26,0
16.0,4122.65,1260.0,2
26.0,2769.26,1234.65,2
13.0,2375.9,1546.9,1
2.0,19.71,150.0,0
1.0,0.31,1823.29,1
2.0,1.02,1580.0,1
3.0,20.11,150.0,0
2.0,1.02,819.16,0
21.0,1800.55,150.0,0
13.0,1771.62,807.63,0
44.0,8482.97,1403.0,2
2.0,299.7,748.08,0
9.0,401.89,1003.43,0
19.0,997.17,639.01,0
2.0,149.05,664.0,0
15.0,2587.49,1123.0,0
2.0,19.72,0.0,0
3.0,92.05,2800.0,1
4.0,259.06,1304.4,0
2.0,250.03,1200.0,0
4.0,207.71,1022.18,0
35.0,5953.89,1405.0,2
15.0,3241.78,2119.0,1
30.0,5422.18,1377.02,2
3.0,76.11,3396.0,1
2.0,1.02,300.0,0
2.0,1.31,2090.33,1
23.0,2354.39,1070.62,2
10.0,1156.78,517.1,0
14.0,2206.25,160.0,0
9.0,5460.49,2150.0,1
4.0,2.1,640.32,0
1.0,0.02,1412.0,0
29.0,1462.86,819.16,2
25.0,683.87,807.63,2
4.0,181.05,210.0,0
17.0,2981.87,1304.4,2
18.0,327.89,100.0,0
1.0,0.31,0.0,0
2.0,1.02,354.0,0
27.0,12272.09,833.77,2
15.0,397.68,158.0,0
13.0,1201.61,1800.0,1
1.0,0.02,723.45,0
2.0,0.04,3150.0,1
17.0,3513.3,819.0,2
8.0,265.91,537.87,0
25.0,3451.27,1449.0,2
6.0,218.98,178.0,0
3.0,607.63,1760.0,1
6.0,232.82,150.0,0
8.0,2695.09,727.0,0
29.0,8776.6,1022.18,2
32.0,1623.99,819.16,2
1.0,0.02,2700.0,1
22.0,44.97,1200.0,0
28.0,14387.91,1699.94,2
14.0,2981.88,3108.93,1
18.0,2021.88,2386.94,1
2.0,1.03,2156.0,1
19.0,2883.15,1800.0,1
42.0,5985.13,1854.76,2
1.0,0.02,0.0,0
34.0,18494.81,1022.03,2
40.0,3313.02,1268.0,2
14.0,1231.45,725.86,0
32.0,790.93,158.0,2
15.0,3835.7,2170.4,1
25.0,1659.36,158.0,2
24.0,2381.59,1212.0,2
13.0,1832.37,800.0,0
12.0,685.57,1200.0,0
9.0,307.45,971.35,0
24.0,2589.42,860.69,2
23.0,2143.68,0.0,0
1.0,0.02,1000.0,0
6.0,2001.44,2730.0,1
22.0,1853.42,954.51,2
11.0,1589.37,944.16,0
28.0,2246.15,986.03,2
5.0,237.54,158.0,0
3.0,561.74,0.0,0
14.0,1215.11,0.0,0
17.0,1173.4,454.66,0
29.0,4331.93,833.77,2
1.0,0.02,1000.0,0
2.0,50.04,1750.0,1
10.0,2017.02,653.33,0
11.0,1540.05,807.63,0
12.0,1903.93,880.0,0
24.0,3442.16,1623.63,2
3.0,61.96,632.77,0
16.0,1731.15,150.0,0
12.0,2016.54,935.0,0
29.0,1749.22,807.63,2
10.0,540.39,708.51,0
9.0,9350.4,178.0,2
15.0,1689.67,564.61,0
9.0,1166.27,915.88,0
7.0,445.12,1000.0,0
12.0,2647.17,860.69,0
1.0,0.03,0.0,0
15.0,1063.71,1122.0,0
2.0,0.04,0.0,0
12.0,2689.25,0.0,0
2.0,2.96,3199.89,1
1.0,0.02,965.15,0
1.0,0.15,0.0,0
7.0,1133.06,807.63,0
3.0,0.07,937.59,0
25.0,1874.13,1200.0,2
7.0,757.79,1600.0,1
6.0,313.16,158.0,0
11.0,1943.32,807.63,0
16.0,1593.41,819.16,0
21.0,1083.91,493.72,0
28.0,1786.55,707.16,2
27.0,3528.96,807.0,2
14.0,486.59,155.0,0
4.0,799.66,2831.12,1
2.0,331.89,2644.0,1
4.0,426.05,194.84,0
22.0,5041.15,1018.41,2
11.0,1002.76,819.16,0
3.0,70.31,0.0,0
2.0,19.71,1990.0,1
11.0,1557.97,740.79,0
5.0,201.38,1369.12,0
6.0,1670.86,150.0,0
33.0,3227.74,804.63,2
14.0,1597.36,874.53,0
2.0,1.98,3306.0,1
42.0,1545.89,827.63,2
5.0,248.24,158.0,0
2.0,30.82,776.63,0
16.0,1209.0,0.0,0
12.0,2591.42,901.56,0
19.0,1586.8,819.16,0
23.0,3363.5,1022.18,2
4.0,353.28,1043.0,0
27.0,10654.88,1426.81,2
12.0,1993.53,986.03,0
31.0,2570.37,1090.0,2
1.0,0.4,158.0,0
19.0,1926.15,0.0,0
22.0,1617.01,819.16,2
2.0,1.02,150.0,0
10.0,1858.78,732.0,0
10.0,1512.43,819.16,0
9.0,795.79,512.2,0
15.0,581.9,1640.0,1
23.0,2552.51,849.15,2
11.0,2175.65,781.18,0
3.0,142.84,1090.62,0
20.0,2928.7,1755.0,2
11.0,1844.38,849.15,0
14.0,1673.72,1090.62,0
32.0,1630.24,2031.87,2
6.0,731.88,3039.58,1
18.0,1840.72,860.0,0
17.0,2705.69,800.0,0
3.0,977.56,200.0,0
11.0,1166.6,819.16,0
23.0,1686.79,819.16,2
16.0,1321.36,807.0,0
3.0,166.76,1003.72,0
7.0,1112.25,680.55,0
2.0,326.85,326.0,0
5.0,759.19,800.0,0
27.0,4212.39,2027.28,2
5.0,355.86,1130.61,0
1.0,0.05,1005.0,0
18.0,2866.41,732.49,0
2.0,0.04,610.77,0
12.0,2270.66,1115.0,0
5.0,299.74,0.0,0
23.0,2130.99,600.0,2
34.0,2999.07,1100.0,2
29.0,1513.18,810.0,2
5.0,602.79,2317.0,1
2.0,0.04,1550.0,1
8.0,951.57,1328.1,0
16.0,2842.44,857.69,0
10.0,3940.88,1877.25,1
13.0,1847.74,703.77,0
19.0,19193.49,819.16,2
4.0,24.05,920.67,0
17.0,1297.73,929.41,0
19.0,2466.77,1234.42,2
18.0,706.67,1636.0,1
2.0,200.31,0.0,0
32.0,3220.38,1110.61,2
14.0,2340.53,1280.56,0
11.0,2425.03,1270.61,0
46.0,2557.53,1270.62,2
23.0,5948.8,0.0,2
10.0,1025.64,1127.96,0
2.0,19.71,0.0,0
14.0,1797.6,791.71,0
5.0,1789.85,3800.0,1
4.0,179.84,1200.0,0
3.0,1821.81,1686.87,1
7.0,454.99,754.63,0
6.0,292.67,150.0,0
15.0,2211.73,907.56,0
8.0,630.63,400.0,0
8.0,1146.55,750.0,0
36.0,7086.02,3317.82,2
23.0,3205.84,807.63,2
18.0,2386.13,969.12,0
2.0,200.4,400.0,0
7.0,1446.05,1200.0,0
6.0,1087.82,624.05,0
17.0,2155.0,1090.62,0
29.0,1906.39,1221.31,2
2.0,0.04,1209.58,0
3.0,44.05,1003.0,0
10.0,357.17,158.0,0
36.0,2395.76,1130.0,2
22.0,1952.75,821.0,2
1.0,0.14,0.0,0
11.0,1644.48,807.63,0
19.0,1606.88,150.0,0
7.0,589.4,725.88,0
16.0,3898.0,595.13,2
5.0,2352.04,3220.0,1
1.0,0.02,354.0,0
1.0,0.02,1000.0,0
18.0,3230.29,1251.27,2
27.0,1453.14,861.0,2
4.0,979.7,1935.0,1
1.0,0.02,1570.0,1
1.0,0.12,1410.64,0
22.0,3224.45,1100.0,2
23.0,1890.59,2459.49,1
13.0,1913.11,874.53,0
2.0,171.55,1973.3,1
1.0,0.02,0.0,0
14.0,1529.27,849.15,0
12.0,13323.17,2537.52,2
10.0,1108.14,2520.0,1
9.0,564.84,325.58,0
8.0,2080.75,979.0,0
3.0,3353.61,2000.0,1
7.0,1286.03,815.32,0
1.0,0.02,1038.19,0
1.0,0.62,540.0,0
28.0,4379.07,656.67,2
16.0,2481.02,1212.53,0
15.0,379.46,150.0,0
7.0,265.41,1053.48,0
2.0,1.02,50.0,0
1.0,0.03,833.0,0
1.0,0.02,1200.0,0
15.0,1895.02,849.15,0
28.0,4624.08,1576.64,2
7.0,1250.3,867.76,0
3.0,90.47,0.0,0
3.0,2.06,2593.07,1
13.0,1062.41,800.0,0
8.0,600.17,1782.04,1
45.0,3520.97,1834.01,2
11.0,235.3,1120.0,0
16.0,2076.62,1113.43,0
22.0,3906.87,5000.0,1
18.0,2703.65,1003.72,2
2.0,20.06,699.75,0
27.0,1689.82,657.39,2
9.0,381.92,330.0,0
8.0,5996.9,804.16,0
18.0,4054.61,833.77,2
2.0,1.02,70.0,0
5.0,1669.79,736.16,0
1.0,0.15,754.98,0
17.0,5134.3,693.43,2
7.0,528.89,1301.0,0
2.0,0.02,150.0,0
7.0,210.16,443.3,0
22.0,3267.57,1234.42,2
9.0,1386.92,799.85,0
2.0,19.76,0.0,0
15.0,888.94,544.64,0
9.0,695.08,904.4,0
1.0,0.02,2000.0,1
13.0,2663.0,1022.08,0
21.0,1157.87,583.45,0
10.0,1239.8,1436.78,0
2.0,100.31,0.0,0
1.0,0.02,0.0,0
2.0,1.93,900.0,0
12.0,1285.28,738.2,0
12.0,340.32,150.0,0
1.0,0.03,3920.0,1
29.0,15243.72,560.86,2
9.0,303.75,0.0,0
14.0,933.0,158.0,0
9.0,892.0,895.0,0
21.0,2176.66,842.52,2
12.0,1599.82,807.63,0
11.0,1946.03,1022.18,0
6.0,836.23,2100.0,1
21.0,3433.58,819.16,2
21.0,2245.71,0.0,0
11.0,1888.63,748.0,0
3.0,371.35,1504.73,1
32.0,4463.74,150.0,2
18.0,2895.36,0.0,0
20.0,3198.75,912.65,2
11.0,2175.69,819.0,0
27.0,2131.75,1062.0,2
9.0,268.51,158.0,0
6.0,496.82,331.46,0
2.0,19.71,0.0,0
1.0,0.02,150.0,0
21.0,2006.86,860.69,2
1.0,0.03,0.0,0
5.0,1513.6,904.0,0
6.0,248.48,198.0,0
15.0,5876.06,1334.42,2
7.0,604.21,1234.42,0
2.0,2.15,779.75,0
1.0,0.02,306.0,0
1.0,0.03,2300.0,1
30.0,1756.63,817.16,2
1.0,0.03,0.0,0
1.0,0.02,1700.0,1
22.0,2171.5,849.15,2
40.0,1168.33,1698.3,2
13.0,1853.86,954.0,0
42.0,1935.38,874.53,2
5.0,180.4,614.25,0
1.0,0.02,3000.0,1
6.0,265.53,158.0,0
26.0,1548.3,819.16,2
13.0,1517.69,258.0,0
25.0,1899.58,986.03,2
53.0,3742.66,963.0,2
33.0,6196.3,2023.59,2
17.0,1921.16,1488.37,1
9.0,2724.87,1214.43,0
8.0,2628.71,0.0,0
9.0,1217.23,766.44,0
1.0,0.02,976.55,0
7.0,1831.19,937.59,0
11.0,5341.76,150.0,0
4.0,404.64,4500.0,1
14.0,21219.47,1022.18,2
7.0,112.46,1419.37,0
3.0,820.58,1533.38,1
14.0,2316.3,800.0,0
5.0,312.39,644.0,0
21.0,2138.61,807.63,2
9.0,303.53,150.0,0
6.0,1410.58,158.0,0
1.0,0.02,150.0,0
2.0,195.2,2700.0,1
2.0,1.57,1200.0,0
1.0,0.02,340.0,0
9.0,406.15,1068.14,0
1.0,0.02,3188.0,1
16.0,1921.52,937.59,0
6.0,1081.25,0.0,0
22.0,2132.31,1297.45,2
9.0,286.68,180.0,0
2.0,1.04,1050.0,0
16.0,3184.1,830.77,0
13.0,2231.99,685.84,0
2.0,19.71,0.0,0
20.0,1228.14,577.59,0
29.0,3614.5,1013.61,2
9.0,260.4,180.0,0
16.0,1734.95,819.16,0
19.0,2692.36,962.65,2
12.0,8885.52,1405.02,2
2.0,0.05,451.82,0
1.0,0.02,2051.76,1
19.0,2102.19,860.69,0
20.0,1794.76,833.77,0
23.0,3120.98,1280.0,2
23.0,2222.07,1234.42,2
32.0,1740.95,819.16,2
4.0,305.34,756.65,0
29.0,2662.35,900.0,2
14.0,1462.43,686.0,0
17.0,1682.13,836.0,0
20.0,1792.81,1234.0,2
16.0,2176.8,1018.0,0
1.0,0.02,0.0,0
25.0,1922.88,819.16,2
8.0,6453.07,959.38,2
6.0,1048.87,907.3,0
5.0,272.24,1080.0,0
49.0,16943.48,2265.0,2
2.0,120.03,0.0,0
10.0,6506.39,1115.31,2
1.0,0.06,2499.0,1
12.0,3468.14,937.0,0
32.0,2887.51,874.53,2
19.0,9189.35,700.72,2
4.0,757.28,426.0,0
29.0,4249.29,1491.75,2
29.0,2257.97,0.0,2
26.0,2155.12,553.24,2
12.0,10393.55,1337.59,2
3.0,157.82,150.0,0
22.0,2061.57,890.0,2
44.0,3655.04,427.45,2
19.0,1687.76,849.15,0
28.0,1592.03,688.69,2
2.0,19.71,0.0,0
10.0,1556.39,816.0,0
2.0,95.41,641.04,0
27.0,1539.4,800.0,2
15.0,1434.68,819.16,0
50.0,3815.78,1703.89,2
13.0,324.77,1003.72,0
28.0,1669.54,1910.0,2
2.0,19.71,969.0,0
12.0,3986.01,1003.12,0
34.0,2319.92,920.67,2
3.0,292.84,1583.0,1
19.0,3395.08,1757.73,2
6.0,203.18,150.0,0
14.0,860.14,540.77,0
2.0,19.71,1000.0,0
4.0,1025.54,1300.0,0
18.0,8482.13,1696.87,2
30.0,2043.82,1003.72,2
2.0,245.06,3048.0,1
2.0,19.71,920.0,0
3.0,22.01,3100.0,1
4.0,224.05,150.0,0
11.0,1651.37,975.17,0
2.0,0.04,1022.0,0
3.0,742.75,295.0,0
1.0,0.13,1900.0,1
26.0,811.4,158.0,0
21.0,3689.16,954.51,2
7.0,275.25,1800.0,1
39.0,4544.7,0.0,2
32.0,3428.33,807.63,2
18.0,2944.16,158.0,0
23.0,5060.11,2641.0,1
14.0,2263.42,1050.0,0
2.0,19.71,0.0,0
53.0,4089.46,954.51,2
8.0,1835.37,1683.5,1
25.0,2252.58,1003.72,2
3.0,2901.56,1700.0,1
4.0,707.85,1000.0,0
1.0,0.02,515.66,0
14.0,1589.94,1812.0,1
24.0,1577.65,160.0,0
7.0,182.1,575.89,0
2.0,273.2,0.0,0
1.0,0.03,1700.0,1
9.0,1384.53,1844.63,1
1.0,0.02,900.0,0
17.0,3680.8,1781.52,1
15.0,1436.94,1816.29,1
20.0,6431.21,1962.79,2
2.0,0.04,626.0,0
4.0,524.63,937.59,0
3.0,201.15,500.0,0
15.0,514.83,1600.0,1
10.0,1383.7,467.0,0
5.0,927.55,156.0,0
17.0,3781.39,1441.0,2
25.0,5022.38,1300.0,2
35.0,5623.46,947.24,2
29.0,2189.68,1003.72,2
4.0,747.27,1320.8,0
6.0,278.24,158.0,0
12.0,5386.81,590.56,2
18.0,2273.08,1003.72,0
2.0,19.71,0.0,0
17.0,310.49,150.0,0
11.0,4653.06,3000.0,1
2.0,19.71,0.0,0
2.0,1.41,1885.0,1
10.0,1629.69,1110.61,0
5.0,99.98,0.0,0
2.0,19.71,0.0,0
14.0,1906.95,880.0,0
5.0,320.73,1837.8,1
8.0,976.1,578.42,0
16.0,1511.0,0.0,0
11.0,1668.12,1664.92,1
5.0,226.28,323.5,0
25.0,1838.81,800.43,2
52.0,22322.81,819.16,2
1.0,0.02,250.0,0
12.0,4497.33,1469.91,2
24.0,1247.57,807.63,2
16.0,1320.28,830.58,0
5.0,883.14,1464.0,1
12.0,1073.01,0.0,0
4.0,238.86,831.03,0
4.0,1338.26,820.0,0
20.0,2929.77,1703.72,2
26.0,8013.58,969.0,2
8.0,243.3,158.0,0
37.0,1878.85,807.0,2
9.0,385.03,807.0,0
9.0,1521.24,160.0,0
1.0,0.02,339.0,0
18.0,1714.37,860.69,0
7.0,216.57,158.0,0
7.0,1669.64,934.59,0
10.0,24534.24,1780.84,2
20.0,3419.47,1527.83,2
12.0,2311.53,970.0,0
19.0,1833.88,937.59,0
1.0,0.03,0.0,0
3.0,10.08,1150.97,0
24.0,1941.32,833.77,2
4.0,448.67,3870.0,1
32.0,3518.11,904.0,2
9.0,283.03,280.0,0
10.0,1590.36,819.16,0
14.0,3356.08,1086.88,0
15.0,292.46,180.0,0
2.0,1.02,158.0,0
12.0,3133.6,1186.49,0
16.0,2133.37,1184.87,0
7.0,248.53,158.0,0
1.0,0.02,0.0,0
1.0,0.02,550.0,0
11.0,472.3,650.0,0
11.0,343.88,380.0,0
8.0,203.76,830.0,0
11.0,2898.95,3980.0,1
1.0,0.02,0.0,0
1.0,2.48,0.0,0
5.0,1625.28,900.0,0
14.0,2007.39,937.59,0
2.0,176.02,1800.0,1
8.0,1207.19,1734.0,1
14.0,1710.53,860.69,0
8.0,8881.94,819.16,2
2.0,0.37,160.0,0
2.0,19.89,2765.0,1
12.0,1890.56,1410.0,0
10.0,5456.53,1180.0,2
4.0,21.4,3780.0,1
33.0,2797.09,809.72,2
21.0,1614.9,824.53,0
18.0,11670.64,1913.51,2
15.0,402.8,804.25,0
20.0,2776.26,1624.58,2
15.0,558.07,155.0,0
1.0,0.02,337.0,0
23.0,929.7,1070.0,2
22.0,1733.8,819.16,2
28.0,1694.28,724.62,2
6.0,226.32,800.0,0
16.0,1729.51,150.0,0
55.0,5257.24,2180.0,2
13.0,1555.75,1013.0,0
12.0,1756.05,986.03,0
1.0,0.02,0.0,0
31.0,5562.4,693.75,2
3.0,25.74,874.78,0
51.0,10039.63,150.0,2
10.0,1734.45,1070.0,0
16.0,2264.77,1257.49,0
6.0,331.45,807.63,0
9.0,1180.47,819.16,0
1.0,0.02,150.0,0
11.0,1106.46,1111.29,0
6.0,249.91,158.0,0
16.0,1724.73,849.15,0
6.0,3029.34,302.24,0
20.0,7895.69,720.72,2
1.0,0.02,1200.0,0
6.0,274.2,150.0,0
3.0,157.8,158.0,0
20.0,4340.36,807.63,2
7.0,1206.17,2453.9,1
2.0,19.72,0.0,0
22.0,3109.85,888.37,2
7.0,286.88,168.0,0
1.0,0.02,400.0,0
21.0,1085.89,819.16,0
2.0,179.16,2090.0,1
3.0,0.3,0.0,0
5.0,1730.65,800.0,0
9.0,531.12,1200.0,0
19.0,1723.57,888.37,0
1.0,0.02,4900.0,1
30.0,2874.3,937.59,2
2.0,80.72,405.21,0
11.0,1409.42,565.29,0
28.0,2187.42,1110.61,2
3.0,569.97,845.0,0
11.0,1239.63,850.99,0
8.0,322.54,180.0,0
10.0,1773.01,1548.91,1
1.0,0.02,100.0,0
28.0,7532.18,848.15,2
31.0,3081.05,819.16,2
1.0,0.02,800.0,0
37.0,4024.42,1263.36,2
45.0,3681.19,1422.04,2
1.0,0.02,560.0,0
12.0,1418.78,818.61,0
8.0,4371.48,0.0,0
9.0,1159.3,1022.0,0
13.0,2443.9,937.0,0
23.0,11130.34,1930.0,2
5.0,1739.03,1996.0,1
24.0,2069.2,860.0,2
18.0,2082.99,1392.0,2
37.0,1932.0,1039.06,2
1.0,0.02,470.0,0
9.0,4545.45,0.0,0
18.0,2613.96,2186.03,1
8.0,637.99,1370.5,0
23.0,1816.11,701.64,2
4.0,12301.26,507.44,2
5.0,237.95,150.0,0
3.0,190.56,0.0,0
8.0,252.71,158.0,0
6.0,261.88,1687.59,1
2.0,175.5,1057.0,0
10.0,1109.99,2000.0,1
14.0,1666.54,819.16,0
3.0,1.37,2750.0,1
1.0,0.03,0.0,0
7.0,603.6,1400.0,0
8.0,283.61,150.0,0
4.0,221.15,980.0,0
5.0,6261.49,0.0,0
19.0,430.3,158.0,0
4.0,3893.1,557.17,0
2.0,19.71,0.0,0
18.0,2302.21,1239.93,2
28.0,2220.74,1022.18,2
21.0,10970.45,819.0,2
1.0,0.02,2800.0,1
2.0,20.43,4008.0,1
2.0,0.04,2530.0,1
19.0,2153.65,860.69,0
33.0,3400.43,1090.62,2
1.0,3.1,851.52,0
13.0,4904.52,3556.67,1
25.0,2281.88,742.98,2
30.0,3608.99,833.77,2
2.0,1.02,2918.0,1
1.0,0.02,1500.0,1
35.0,12783.45,1055.0,2
20.0,2922.34,713.76,2
3.0,1501.28,723.45,0
1.0,0.02,1600.0,1
5.0,23.47,969.12,0
29.0,5598.6,937.59,2
8.0,1327.32,807.63,0
22.0,2562.53,1050.0,2
11.0,399.78,155.0,0
1.0,0.02,840.0,0
11.0,1148.9,408.7,0
7.0,359.57,1225.8,0
8.0,1411.8,510.0,0
11.0,1433.23,622.0,0
1.0,0.02,807.63,0
2.0,20.0,0.0,0
39.0,1012.55,158.0,2
2.0,441.01,0.0,0
6.0,306.88,158.0,0
2.0,19.71,969.12,0
9.0,2274.85,1500.0,1
4.0,3750.06,1459.0,1
2.0,437.81,4995.11,1
37.0,6708.82,870.0,2
11.0,369.22,150.0,0
12.0,1980.38,1435.0,0
8.0,448.69,156.0,0
1.0,0.02,70.0,0
6.0,1187.4,818.55,0
9.0,974.64,1400.0,0
9.0,2742.08,1532.0,1
16.0,6317.14,819.0,2
17.0,1557.58,819.16,0
8.0,245.9,150.0,0
13.0,2135.89,1022.0,0
39.0,6482.15,2404.91,2
8.0,310.19,150.0,0
7.0,124.93,2100.0,1
19.0,2639.79,1482.04,2
5.0,202.87,1077.27,0
24.0,2262.33,807.63,2
13.0,917.4,800.0,0
26.0,2495.91,160.0,2
48.0,2381.71,1234.0,2
41.0,2316.58,833.77,2
5.0,788.48,1130.61,0
5.0,809.96,819.0,0
22.0,3107.23,986.03,2
26.0,5460.28,877.86,2
10.0,447.09,336.59,0
8.0,3247.19,158.0,0
25.0,2795.68,2044.36,2
8.0,847.81,342.15,0
29.0,2391.45,2369.12,1
7.0,237.61,0.0,0
2.0,19.71,1000.0,0
2.0,19.71,1569.12,1
2.0,220.11,2900.0,1
4.0,1413.29,486.0,0
23.0,2154.32,1090.62,2
5.0,196.03,707.09,0
2.0,0.09,300.0,0
21.0,1218.56,653.53,0
17.0,1902.47,833.77,0
25.0,2331.91,1090.0,2
10.0,143.9,0.0,0
11.0,2718.97,1130.61,0
4.0,801.59,575.0,0
14.0,1738.34,919.12,0
18.0,2739.24,860.69,0
19.0,4637.41,1990.82,1
5.0,307.85,150.0,0
28.0,5363.22,1100.0,2
1.0,0.45,0.0,0
9.0,251.68,1089.0,0
2.0,404.3,2133.0,1
29.0,5275.88,1400.0,2
7.0,248.19,198.0,0
14.0,1897.33,986.03,0
13.0,1595.75,962.5,0
36.0,2854.38,761.72,2
11.0,1540.99,852.66,0
8.0,566.58,158.0,0
18.0,2785.96,700.0,0
1.0,0.02,1461.19,1
5.0,180.35,1240.0,0
5.0,3172.98,158.0,0
11.0,1586.28,847.29,0
4.0,313.8,150.0,0
10.0,5379.66,945.0,0
40.0,4919.05,849.15,2
25.0,1301.37,669.38,2
24.0,1582.56,689.87,2
9.0,551.77,1245.65,0
11.0,6820.69,1273.0,2
27.0,1812.68,819.16,2
1.0,0.02,280.0,0
13.0,1690.12,986.03,0
28.0,5366.6,870.0,2
3.0,164.03,950.0,0
7.0,1172.57,819.0,0
6.0,2030.91,1886.0,1
9.0,2747.94,2800.0,1
29.0,4801.68,1022.18,2
13.0,1093.22,634.65,0
9.0,1639.11,800.0,0
1.0,0.02,300.0,0
45.0,2659.58,267.0,2
1.0,0.02,589.94,0
21.0,4037.58,819.16,2
2.0,0.04,1617.85,1
2.0,1.05,0.0,0
12.0,1471.35,1301.36,0
22.0,5552.57,870.0,2
2.0,19.72,849.15,0
4.0,20.64,2120.0,1
9.0,2259.56,1896.71,1
10.0,1283.64,874.53,0
5.0,209.87,986.03,0
21.0,1828.49,0.0,0
27.0,2318.94,849.15,2
18.0,3032.23,3321.67,1
29.0,10876.51,849.15,2
2.0,200.31,0.0,0
5.0,76.07,800.0,0
7.0,842.03,1582.0,1
2.0,0.04,704.73,0
1.0,0.02,1116.41,0
3.0,1225.61,0.0,0
11.0,1596.29,0.0,0
13.0,1868.95,807.0,0
8.0,5530.78,2500.0,1
4.0,659.51,2101.0,1
26.0,3212.1,1369.0,2
1.0,0.02,2085.0,1
19.0,13264.06,3250.0,2
19.0,1658.42,860.69,0
10.0,1591.53,807.63,0
19.0,3782.47,1969.88,1
5.0,3523.03,1470.77,1
14.0,2191.32,1078.21,0
5.0,481.28,0.0,0
13.0,309.7,150.0,0
2.0,19.71,150.0,0
20.0,2481.26,1619.14,2
28.0,2863.85,1096.0,2
18.0,1959.68,849.15,0
28.0,1833.33,1450.0,2
5.0,321.46,0.0,0
1.0,0.03,1550.0,1
17.0,9039.36,1228.0,2
14.0,1522.0,840.0,0
13.0,4312.48,833.77,0
5.0,1123.5,2622.0,1
28.0,1628.03,156.87,2
1.0,0.03,3063.31,1
41.0,8353.78,1436.8,2
21.0,2219.37,926.9,2
22.0,1416.26,673.0,0
8.0,249.18,807.63,0
10.0,6564.26,677.28,2
3.0,21.59,2040.0,1
17.0,4108.94,800.0,2
2.0,1.87,0.0,0
4.0,90.02,937.59,0
7.0,1517.33,856.67,0
1.0,10.85,930.0,0
3.0,20.65,921.0,0
5.0,138.23,0.0,0
6.0,135.33,0.0,0
12.0,1575.65,743.57,0
29.0,2638.06,1090.62,2
17.0,4096.4,1274.81,2
13.0,4658.52,1381.0,2
1.0,0.02,3642.52,1
1.0,0.03,2900.0,1
11.0,2459.42,650.0,0
7.0,1590.13,1430.63,0
17.0,14094.31,158.0,2
5.0,2377.11,4083.0,1
9.0,1875.54,0.0,0
15.0,3012.28,3400.0,1
22.0,2861.21,1100.0,2
20.0,1658.94,849.15,0
1.0,0.02,0.0,0
2.0,0.04,830.0,0
30.0,1981.06,706.45,2
2.0,141.28,954.0,0
24.0,4637.54,1178.0,2
20.0,5464.45,2264.07,1
13.0,299.61,150.0,0
14.0,1677.55,150.0,0
5.0,234.44,150.0,0
1.0,0.02,1170.0,0
14.0,3784.77,3272.02,1
5.0,418.94,320.8,0
2.0,19.71,0.0,0
24.0,4725.51,819.0,2
33.0,8253.64,860.69,2
21.0,2089.75,833.77,2
14.0,2994.92,2160.42,1
6.0,239.93,178.0,0
15.0,3515.96,819.16,0
17.0,1692.89,1506.12,1
19.0,3113.96,1003.72,2
8.0,299.38,158.0,0
30.0,4404.21,860.0,2
5.0,41.14,600.0,0
23.0,2235.98,986.03,2
8.0,514.41,1100.0,0
1.0,0.02,414.41,0
24.0,2319.17,1257.49,2
14.0,2047.62,2241.99,1
11.0,614.29,950.99,0
8.0,1078.46,1219.58,0
37.0,3105.85,1130.61,2
2.0,19.72,0.0,0
15.0,2169.26,1202.18,0
4.0,3301.51,1940.0,1
8.0,308.62,150.0,0
8.0,2012.81,1753.56,1
1.0,0.03,0.0,0
20.0,514.73,807.63,0
1.0,0.02,1000.0,0
1.0,0.02,803.79,0
10.0,10273.11,2840.14,1
1.0,0.02,0.0,0
15.0,1568.39,937.59,0
5.0,170.44,1200.0,0
32.0,6041.98,904.52,2
12.0,1519.59,792.1,0
7.0,656.41,310.0,0
25.0,2287.36,794.73,2
1.0,0.03,2672.0,1
19.0,1993.85,807.63,0
16.0,1824.19,806.03,0
3.0,51.06,850.0,0
47.0,3670.22,1022.18,2
13.0,3585.96,1280.0,0
1.0,0.02,396.0,0
14.0,2123.23,1020.58,0
43.0,1538.89,819.16,2
13.0,1595.23,1543.0,1
7.0,135.45,900.0,0
18.0,2222.61,1211.43,0
28.0,458.88,900.0,2
2.0,19.71,860.69,0
10.0,1372.3,708.33,0
6.0,951.29,469.06,0
13.0,2731.16,1090.0,0
1.0,1.86,0.0,0
1.0,0.02,850.0,0
1.0,0.02,1000.0,0
6.0,1127.96,890.0,0
23.0,1755.36,680.0,2
18.0,4269.14,1628.0,2
10.0,845.36,158.0,0
1.0,0.02,1930.0,1
1.0,0.02,140.0,0
9.0,475.76,180.0,0
35.0,3410.51,1003.72,2
52.0,7762.73,830.77,2
13.0,520.36,1003.0,0
13.0,1505.85,807.63,0
27.0,2336.99,849.15,2
24.0,6191.53,833.77,2
21.0,2880.76,158.0,2
4.0,6559.3,2396.83,1
10.0,1771.57,1037.49,0
34.0,3097.4,1473.24,2
20.0,2614.96,1130.61,2
37.0,950.5,156.78,2
8.0,2806.69,0.0,0
14.0,2383.3,1382.4,0
2.0,0.04,544.0,0
12.0,1867.09,819.16,0
4.0,178.99,228.0,0
2.0,69.74,969.0,0
17.0,2157.74,1150.0,0
55.0,2886.8,954.51,2
10.0,1876.42,955.39,0
9.0,151.12,670.0,0
14.0,1623.62,1003.72,0
17.0,2139.23,861.63,0
4.0,136.97,700.0,0
17.0,1838.84,807.63,0
31.0,2711.73,1234.42,2
7.0,966.34,434.0,0
15.0,2017.39,937.0,0
2.0,464.84,0.0,0
2.0,362.21,388.46,0
20.0,5432.28,1896.67,2
25.0,2264.89,600.0,2
1.0,0.02,0.0,0
2.0,6.22,857.53,0
2.0,1.31,1393.96,0
2.0,19.71,150.0,0
27.0,4701.15,833.77,2
1.0,0.03,1900.0,1
12.0,2789.05,540.84,0
9.0,1589.25,807.63,0
25.0,1715.47,833.77,2
3.0,367.14,986.03,0
11.0,1845.49,0.0,0
2.0,173.34,4167.5,1
1.0,0.02,765.0,0
18.0,815.42,441.56,0
1.0,0.03,4093.33,1
12.0,1754.05,849.16,0
2.0,19.71,1650.0,1
26.0,4546.25,937.59,2
23.0,2018.83,831.77,2
15.0,3767.21,819.16,0
2.0,0.04,717.07,0
56.0,3970.62,849.15,2
31.0,3681.07,3700.0,1
10.0,1779.29,860.69,0
37.0,1395.56,692.25,2
19.0,2288.78,1022.18,2
11.0,2006.15,986.03,0
10.0,1585.56,505.89,0
32.0,1798.81,807.63,2
44.0,1883.5,833.0,2
26.0,3407.93,2070.0,2
6.0,487.05,1220.0,0
4.0,195.72,877.6,0
35.0,18119.32,849.15,2
5.0,297.81,158.0,0
2.0,169.08,5000.0,1
4.0,204.67,950.0,0
46.0,2587.83,953.51,2
12.0,1212.75,158.0,0
8.0,1311.27,697.72,0
8.0,1093.89,870.69,0
8.0,1247.97,819.16,0
7.0,299.24,150.0,0
6.0,461.91,0.0,0
2.0,1000.84,835.0,0
1.0,0.02,260.0,0
4.0,43.11,1511.0,1
1.0,0.02,1430.0,0
6.0,7468.56,467.3,0
7.0,476.85,1513.0,1
3.0,1665.08,0.0,0
13.0,2180.05,1822.43,1
19.0,1977.14,986.03,0
3.0,2649.32,1009.0,0
1.0,0.02,0.0,0
8.0,236.98,158.0,0
5.0,219.71,807.63,0
5.0,1756.14,800.0,0
16.0,2108.7,650.55,0
16.0,1760.7,807.63,0
9.0,1368.36,770.91,0
35.0,2366.19,1022.18,2
6.0,497.57,1309.31,0
23.0,2602.62,1010.06,2
1.0,0.26,1154.0,0
1.0,0.02,1054.0,0
2.0,19.71,1600.0,1
34.0,21631.86,819.16,2
5.0,2249.53,2115.21,1
23.0,34.09,2800.0,1
32.0,14135.05,1174.53,2
25.0,2290.13,1254.62,2
4.0,237.15,725.0,0
8.0,330.86,1844.53,1
19.0,1557.91,720.6,0
19.0,1459.89,819.16,0
1.0,0.03,1350.0,0
18.0,2054.72,833.77,0
12.0,1542.72,789.61,0
2.0,19.71,0.0,0
6.0,637.43,1190.37,0
1.0,0.02,2600.0,1
36.0,2230.74,607.94,2
1.0,0.02,1180.0,0
12.0,2004.96,850.0,0
2.0,19.73,940.0,0
20.0,3895.44,849.15,2
13.0,17070.92,1122.44,2
11.0,1908.41,969.12,0
22.0,2011.93,1241.0,2
30.0,2850.45,1022.18,2
17.0,2317.76,1200.0,0
24.0,8438.68,0.0,2
8.0,402.82,158.0,0
25.0,2141.52,874.53,2
16.0,1619.52,819.16,0
8.0,5182.09,120.0,0
1.0,0.02,610.0,0
1.0,0.02,1364.0,0
35.0,5600.31,150.0,2
8.0,1213.62,867.72,0
14.0,1030.24,900.0,0
8.0,545.13,550.84,0
26.0,2764.65,672.54,2
14.0,1890.24,860.69,0
7.0,106.67,3240.0,1
9.0,710.54,483.0,0
16.0,2365.42,1528.24,1
26.0,517.88,150.0,0
13.0,1362.33,712.34,0
5.0,1383.67,1695.0,1
1.0,0.02,0.0,0
28.0,1871.11,807.63,2
1.0,0.11,0.0,0
14.0,1753.06,800.0,0
10.0,546.2,807.63,0
29.0,2249.32,920.67,2
5.0,808.32,920.0,0
27.0,1766.8,833.77,2
16.0,1912.6,150.0,0
2.0,551.6,1360.0,0
6.0,424.47,566.0,0
14.0,1591.2,819.16,0
19.0,1287.9,729.41,0
32.0,1965.02,885.71,2
4.0,424.56,2000.0,1
2.0,101.55,340.0,0
38.0,5243.79,0.0,2
14.0,1818.9,2135.0,1
11.0,348.86,158.0,0
49.0,3121.78,1022.18,2
13.0,2153.88,1216.58,0
12.0,1863.5,888.0,0
5.0,114.77,0.0,0
35.0,2815.97,789.29,2
5.0,515.81,670.0,0
3.0,780.3,2500.0,1
14.0,1533.2,632.93,0
24.0,2284.97,1212.64,2
28.0,1863.32,807.63,2
1.0,0.02,3200.0,1
1.0,0.02,160.0,0
23.0,4145.53,1119.12,2
11.0,1925.58,1119.12,0
11.0,558.25,150.0,0
7.0,438.32,937.59,0
11.0,1254.57,1370.0,0
2.0,19.71,1070.62,0
2.0,19.71,150.0,0
17.0,495.46,180.0,0
7.0,355.51,1022.18,0
24.0,4254.56,718.18,2
1.0,0.02,970.0,0
3.0,553.58,379.01,0
2.0,353.76,845.0,0
10.0,133.78,150.0,0
4.0,16019.71,807.37,2
2.0,1.41,150.0,0
13.0,7114.84,738.41,2
5.0,257.98,1003.72,0
2.0,19.71,696.38,0
19.0,8282.1,882.92,2
15.0,2018.75,920.67,0
1.0,0.03,0.0,0
5.0,706.07,960.0,0
4.0,43.12,600.0,0
10.0,1415.28,819.16,0
3.0,1503.01,916.23,0
1.0,0.02,3040.0,1
35.0,5848.53,860.69,2
6.0,288.35,1143.0,0
14.0,1697.39,849.0,0
28.0,2278.32,1167.87,2
3.0,342.69,278.0,0
27.0,1870.99,1580.69,2
13.0,2653.16,708.81,0
1.0,0.02,1480.0,1
31.0,2506.95,497.56,2
17.0,1628.77,819.16,0
25.0,2692.36,160.0,2
3.0,29.8,0.0,0
2.0,19.71,0.0,0
29.0,4440.89,1694.0,2
2.0,0.04,1020.0,0
11.0,1771.03,0.0,0
12.0,1710.18,813.87,0
2.0,1.39,0.0,0
22.0,8830.96,750.0,2
13.0,614.54,100.0,0
7.0,1317.05,888.37,0
1.0,0.02,1600.0,1
11.0,1850.43,937.59,0
34.0,10124.93,1210.29,2
6.0,577.48,1982.0,1
18.0,2117.85,721.19,0
15.0,1691.16,837.63,0
16.0,2050.73,933.15,0
29.0,2838.04,1700.0,2
33.0,4924.09,860.69,2
1.0,0.02,1400.0,0
6.0,425.22,600.0,0
15.0,381.06,1492.0,1
1.0,0.03,669.78,0
16.0,1865.87,833.77,0
28.0,2747.4,807.63,2
40.0,2809.94,849.15,2
29.0,2412.02,1139.0,2
1.0,0.02,100.0,0
8.0,1379.33,819.0,0
8.0,1327.11,1946.24,1
17.0,4246.56,2666.52,1
56.0,4165.39,598.04,2
10.0,16740.62,1335.0,2
11.0,1959.12,1090.62,0
5.0,1036.28,709.03,0
10.0,917.54,634.06,0
9.0,2614.75,1589.01,1
5.0,938.09,535.45,0
2.0,19.71,0.0,0
13.0,2231.12,948.0,0
8.0,1684.27,1111.28,0
17.0,2025.67,954.51,0
10.0,1171.54,819.16,0
2.0,171.56,0.0,0
1.0,0.02,0.0,0
22.0,4216.76,0.0,2
1.0,0.02,1150.0,0
26.0,3884.85,874.0,2
34.0,1751.55,1002.57,2
43.0,4488.51,913.2,2
16.0,1222.12,547.73,0
14.0,1715.71,917.06,0
16.0,1908.82,736.15,0
16.0,3093.1,1620.0,1
21.0,2129.85,733.8,2
22.0,2586.82,807.63,2
5.0,250.71,150.0,0
2.0,1.02,100.0,0
9.0,1434.19,860.69,0
2.0,19.71,150.0,0
17.0,2732.59,1285.6,2
33.0,3738.51,1161.96,2
26.0,3596.97,1949.59,2
22.0,25811.41,1289.0,2
27.0,2377.81,761.7,2
19.0,1207.2,2090.0,1
20.0,2026.86,0.0,0
1.0,0.02,0.0,0
2.0,19.71,150.0,0
7.0,187.04,649.0,0
17.0,2779.99,1028.95,0
11.0,2410.84,1600.0,1
37.0,5000.25,1234.42,2
12.0,3354.02,0.0,0
4.0,161.43,870.0,0
15.0,2506.42,1003.72,0
18.0,4101.96,1032.0,2
2.0,0.04,1522.0,1
7.0,1344.38,1024.36,0
20.0,1674.08,849.15,0
10.0,5711.16,150.0,0
11.0,1841.71,1022.18,0
10.0,768.84,760.0,0
20.0,2988.07,832.56,2
1.0,0.02,850.0,0
18.0,2602.2,3542.0,1
6.0,1100.91,0.0,0
15.0,1614.05,1840.0,1
51.0,1647.62,807.63,2
2.0,0.08,703.0,0
13.0,2022.74,937.59,0
16.0,1696.72,874.48,0
20.0,3446.39,807.63,2
4.0,268.09,590.0,0
22.0,535.76,568.87,0
4.0,72.89,0.0,0
23.0,3616.05,807.63,2
3.0,358.87,559.06,0
36.0,2318.95,856.84,2
11.0,2129.38,1125.63,0
10.0,1414.56,2418.47,1
5.0,1230.43,649.04,0
25.0,2113.05,150.0,2
3.0,764.37,1400.0,0
35.0,1083.16,1373.66,2
6.0,241.5,158.0,0
13.0,1528.88,632.68,0
56.0,7791.02,2451.01,2
12.0,1883.59,954.51,0
42.0,3704.67,669.27,2
14.0,24648.19,340.0,2
12.0,936.74,1100.0,0
5.0,2.07,900.0,0
2.0,19.71,954.51,0
12.0,1888.22,951.13,0
17.0,1767.34,1492.93,1
36.0,1614.65,1003.63,2
25.0,2026.0,863.66,2
32.0,3196.6,750.0,2
7.0,742.56,937.59,0
35.0,1976.51,666.08,2
14.0,1521.33,1100.0,0
47.0,1759.63,732.0,2
2.0,19.71,1075.0,0
5.0,176.92,1200.0,0
3.0,802.7,4280.0,1
3.0,50.14,1332.34,0
11.0,1671.44,807.63,0
5.0,193.48,1200.0,0
25.0,337.09,168.0,0
7.0,1276.8,700.0,0
16.0,11031.7,564.88,2
6.0,794.75,3400.0,1
19.0,1589.1,870.67,0
14.0,1497.2,819.16,0
22.0,983.33,904.48,0
29.0,2270.71,865.3,2
10.0,1984.33,1050.0,0
17.0,2055.98,757.51,0
14.0,2691.52,1366.03,0
20.0,1955.7,954.0,2
17.0,1490.89,833.77,0
2.0,20.0,761.0,0
17.0,1435.83,804.63,0
18.0,4034.74,1234.42,2
7.0,439.57,200.0,0
26.0,2855.77,964.25,2
15.0,2117.79,0.0,0
39.0,2407.91,1200.0,2
19.0,1479.42,807.63,0
29.0,3073.24,937.59,2
16.0,1858.97,833.77,0
22.0,11998.86,849.15,2
4.0,1842.6,792.05,0
3.0,351.46,2000.0,1
55.0,3630.37,1186.85,2
16.0,4309.38,860.69,2
23.0,1860.97,730.28,2
38.0,1559.66,937.59,2
22.0,3114.86,2574.72,1
13.0,1350.13,686.02,0
11.0,1957.29,860.69,0
14.0,548.16,807.63,0
21.0,2269.47,874.53,2
37.0,2973.62,722.97,2
8.0,187.93,888.0,0
37.0,11787.84,825.0,2
38.0,1731.41,860.69,2
34.0,7017.29,812.0,2
19.0,2634.29,819.16,2
44.0,1552.66,806.55,2
19.0,1704.62,849.15,0
13.0,3980.11,1635.74,1
2.0,24.75,1022.0,0
8.0,3352.75,1005.05,0
15.0,623.13,807.63,0
4.0,92.11,0.0,0
16.0,2044.46,1022.18,0
15.0,2241.45,1303.72,0
10.0,1194.98,800.0,0
2.0,1.02,2500.0,1
23.0,1655.26,879.14,2
20.0,1541.63,702.87,0
7.0,1440.46,819.0,0
5.0,46.86,0.0,0
27.0,7515.41,672.92,2
6.0,756.96,596.75,0
13.0,320.33,2400.0,1
2.0,19.72,0.0,0
7.0,1549.19,0.0,0
1.0,0.02,800.0,0
21.0,3951.12,1003.72,2
1.0,0.46,0.0,0
15.0,1969.86,849.15,0
15.0,3099.15,1994.84,1
6.0,1415.44,1140.0,0
15.0,6508.93,2811.5,1
3.0,3.45,0.0,0
38.0,1876.77,886.88,2
3.0,21.88,1003.72,0
4.0,100.35,1003.72,0
32.0,5006.75,1465.66,2
12.0,1998.01,588.9,0
1.0,0.02,0.0,0
24.0,6050.31,1080.35,2
1.0,0.02,1450.0,1
8.0,1500.17,819.16,0
21.0,2572.64,1083.79,2
14.0,1530.64,1400.0,0
28.0,2454.26,969.12,2
6.0,1529.3,929.0,0
24.0,1811.25,770.51,2
7.0,1910.07,874.53,0
4.0,890.98,445.02,0
1.0,0.02,833.77,0
41.0,2775.29,1319.75,2
2.0,1.03,800.0,0
25.0,3859.59,1040.0,2
26.0,1726.17,198.0,2
6.0,2082.02,0.0,0
23.0,2617.52,1040.0,2
11.0,1523.69,819.16,0
3.0,96.53,800.0,0
23.0,2107.67,969.12,2
7.0,805.93,1513.11,1
19.0,2235.69,920.67,0
41.0,5907.24,1300.0,2
32.0,2842.59,466.83,2
18.0,2025.37,874.53,0
15.0,250.63,150.0,0
3.0,669.89,1498.97,1
2.0,19.71,150.0,0
21.0,1907.18,819.16,2
14.0,748.82,523.26,0
16.0,1681.36,987.84,0
1.0,0.31,1903.84,1
28.0,2324.88,819.16,2
2.0,19.71,0.0,0
13.0,1542.23,160.0,0
12.0,1538.74,670.22,0
36.0,3414.29,937.59,2
32.0,1520.03,2800.0,1
22.0,1467.03,819.16,2
7.0,121.55,948.91,0
34.0,3223.67,1650.63,2
34.0,750.53,627.62,2
18.0,2068.03,1363.14,2
8.0,379.85,150.0,0
8.0,1619.92,807.63,0
13.0,3279.24,158.0,0
2.0,10.62,919.0,0
18.0,1488.1,807.63,0
1.0,0.02,1456.0,1
5.0,1390.04,703.33,0
35.0,2572.63,926.63,2
1.0,0.02,3440.0,1
20.0,11966.27,687.53,2
6.0,2344.44,1277.0,0
13.0,639.35,327.84,0
22.0,2739.6,969.12,2
4.0,141.7,1700.0,1
19.0,1661.08,864.0,0
4.0,973.54,1203.21,0
2.0,19.71,0.0,0
16.0,676.69,954.51,0
4.0,284.47,0.0,0
11.0,1809.7,1090.0,0
11.0,3754.81,1623.54,1
7.0,201.46,1374.66,0
40.0,1930.23,1100.0,2
1.0,0.62,2327.73,1
17.0,2482.97,0.0,0
31.0,3180.7,819.16,2
4.0,2.64,3300.0,1
4.0,203.43,1009.61,0
34.0,3736.38,819.16,2
29.0,2553.04,937.59,2
6.0,143.23,0.0,0
12.0,2523.8,860.0,0
19.0,1956.75,937.59,0
17.0,1695.76,849.15,0
37.0,1745.9,849.15,2
27.0,2305.21,833.77,2
11.0,239.61,150.0,0
48.0,11523.97,807.63,2
13.0,2938.12,1103.95,0
6.0,258.53,258.0,0
19.0,2093.48,849.15,0
41.0,9695.36,642.4,2
29.0,7591.7,2086.0,2
20.0,2047.06,888.0,2
56.0,6808.07,2900.0,2
18.0,2259.29,1090.0,0
25.0,1240.44,650.0,2
1.0,0.02,380.0,0
9.0,471.69,1384.0,0
1.0,0.02,900.0,0
12.0,456.02,964.25,0
26.0,4600.06,1628.76,2
41.0,7256.04,849.15,2
15.0,3388.32,0.0,0
14.0,2736.26,0.0,0
23.0,1621.94,160.0,0
11.0,2010.68,680.0,0
13.0,1340.34,150.0,0
11.0,2074.74,1200.0,0
15.0,1878.19,150.0,0
14.0,356.78,0.0,0
11.0,1025.81,0.0,0
3.0,201.06,1500.0,1
7.0,193.69,807.53,0
3.0,178.63,178.0,0
11.0,745.4,0.0,0
4.0,789.38,2200.0,1
1.0,0.02,250.0,0
6.0,1465.05,426.25,0
3.0,254.88,1380.0,0
16.0,450.94,318.0,0
1.0,0.31,450.0,0
23.0,2144.54,721.53,2
16.0,1305.76,929.0,0
20.0,1641.16,687.53,0
12.0,3803.84,986.03,0
6.0,290.27,180.0,0
15.0,1529.46,769.85,0
10.0,749.13,158.0,0
7.0,2254.26,996.19,0
1.0,0.03,0.0,0
25.0,359.34,178.0,0
10.0,514.51,1153.0,0
23.0,2251.71,954.51,2
12.0,1904.23,864.0,0
40.0,3837.93,954.51,2
1.0,0.31,600.0,0
10.0,1753.8,1099.72,0
10.0,2312.13,905.62,0
19.0,1657.9,2569.0,1
21.0,2644.76,819.16,2
33.0,1717.51,860.69,2
13.0,2446.6,1169.0,0
50.0,2610.33,819.16,2
2.0,318.42,315.0,0
22.0,1227.75,456.0,0
25.0,2919.27,2580.0,1
15.0,1866.37,819.16,0
2.0,19.71,150.0,0
49.0,8338.92,2295.52,2
1.0,0.02,1289.0,0
9.0,2239.15,3787.37,1
16.0,1769.04,150.0,0
2.0,307.86,303.16,0
28.0,2620.58,0.0,2
21.0,5439.77,860.69,2
6.0,1162.56,2094.0,1
11.0,1928.5,834.71,0
2.0,19.71,350.0,0
13.0,2253.36,160.0,0
17.0,5643.72,860.69,2
11.0,2337.46,1303.95,0
3.0,2824.26,945.06,0
8.0,8604.8,1783.22,2
1.0,0.02,1106.0,0
12.0,2260.33,0.0,0
23.0,4423.97,973.56,2
9.0,1384.31,1300.0,0
31.0,566.82,258.0,2
3.0,158.09,158.0,0
2.0,0.04,600.0,0
12.0,2326.91,798.93,0
6.0,295.19,150.0,0
8.0,2174.38,1867.5,1
16.0,4022.02,1125.01,2
1.0,0.02,0.0,0
20.0,1896.44,1003.72,2
1.0,0.05,1750.0,1
6.0,962.34,690.0,0
2.0,280.42,0.0,0
11.0,367.72,150.0,0
19.0,3347.96,1022.18,2
9.0,452.79,980.52,0
20.0,2086.14,800.0,0
18.0,1286.52,657.97,0
8.0,259.93,150.0,0
1.0,0.02,0.0,0
18.0,2487.29,1420.0,2
18.0,20736.88,1035.5,2
9.0,1251.46,1200.0,0
1.0,0.02,400.0,0
1.0,0.02,1000.0,0
2.0,19.71,0.0,0
8.0,253.51,150.0,0
30.0,1707.23,2723.0,1
42.0,8030.33,1546.95,2
1.0,0.02,440.0,0
1.0,0.02,1160.0,0
3.0,124.79,930.0,0
8.0,524.77,1403.43,0
3.0,476.36,739.27,0
4.0,181.11,178.0,0
29.0,1961.1,819.16,2
9.0,1612.4,1417.0,0
10.0,289.97,150.0,0
10.0,433.51,158.0,0
15.0,11218.23,2009.37,2
1.0,0.02,3538.27,1
5.0,4656.42,1465.1,1
25.0,2035.06,986.03,2
1.0,0.02,1200.0,0
25.0,4950.66,860.69,2
8.0,1578.75,158.0,0
10.0,946.46,960.0,0
25.0,1802.88,986.03,2
21.0,1534.29,819.16,0
18.0,3095.07,769.05,2
28.0,5597.82,653.73,2
6.0,282.17,150.0,0
16.0,1642.99,888.08,0
11.0,1143.86,1108.61,0
14.0,1479.52,1183.35,0
1.0,0.05,660.0,0
22.0,20674.07,924.69,2
1.0,0.02,0.0,0
25.0,1974.43,874.53,2
19.0,3700.02,807.63,2
21.0,2224.59,954.51,2
3.0,800.08,366.0,0
10.0,1291.31,807.0,0
18.0,1990.13,1322.18,0
35.0,4208.64,819.16,2
12.0,3160.98,1994.0,1
2.0,10002.8,618.0,2
19.0,1970.13,849.15,0
6.0,255.94,894.83,0
6.0,293.96,0.0,0
52.0,16709.75,1521.0,2
13.0,3097.36,1022.18,0
20.0,1640.68,886.01,0
22.0,2394.61,683.0,2
10.0,1632.59,1270.0,0
7.0,162.35,158.0,0
1.0,0.02,1337.0,0
28.0,1651.8,1150.0,2
1.0,0.03,0.0,0
6.0,955.64,538.25,0
2.0,19.71,0.0,0
41.0,4108.98,1941.7,2
8.0,279.51,800.0,0
15.0,367.03,158.0,0
16.0,567.89,986.03,0
18.0,3445.27,1250.0,2
21.0,1473.12,819.16,0
5.0,77.51,1480.0,1
34.0,3412.79,1133.97,2
37.0,3258.08,1340.08,2
2.0,19.71,100.0,0
6.0,16507.44,2750.0,2
16.0,1692.98,920.67,0
6.0,175.52,475.67,0
9.0,4075.54,553.17,0
22.0,2714.19,1690.67,2
17.0,3526.5,1172.0,2
16.0,3554.28,819.16,2
6.0,1250.14,699.37,0
22.0,3927.3,757.66,2
7.0,279.31,150.0,0
5.0,608.93,544.81,0
2.0,19.75,764.62,0
8.0,265.4,920.67,0
42.0,1941.58,720.0,2
19.0,3625.7,807.63,2
4.0,42.87,0.0,0
2.0,235.35,261.22,0
19.0,2098.98,1153.86,2
3.0,221.32,1646.47,1
25.0,2478.49,937.59,2
1.0,0.02,500.0,0
5.0,42.85,1544.33,1
14.0,684.95,800.0,0
7.0,2756.81,1400.0,0
20.0,1843.63,1044.79,2
1.0,0.31,360.0,0
1.0,0.02,1018.31,0
15.0,3597.93,1098.79,2
31.0,2075.73,937.59,2
4.0,422.65,561.0,0
7.0,1181.14,929.41,0
3.0,43.11,620.0,0
29.0,3913.82,833.0,2
15.0,1884.57,809.63,0
3.0,178.62,178.0,0
21.0,1227.42,815.32,0
18.0,2341.28,807.63,0
13.0,788.91,658.35,0
14.0,1940.8,1003.72,0
1.0,0.02,0.0,0
3.0,52.21,0.0,0
10.0,2436.07,1367.07,0
15.0,3172.98,1100.0,0
9.0,2030.76,1022.18,0
1.0,0.02,0.0,0
5.0,1664.45,1482.04,1
32.0,2085.84,883.72,2
20.0,2233.22,807.63,2
2.0,562.84,0.0,0
17.0,1839.43,0.0,0
38.0,6077.37,150.0,2
9.0,1467.29,776.7,0
44.0,4606.23,120.0,2
26.0,4382.06,150.0,2
38.0,2265.04,701.77,2
5.0,170.56,150.0,0
5.0,1361.83,1310.02,0
1.0,0.02,0.0,0
18.0,1790.14,870.0,0
33.0,7786.12,860.69,2
1.0,0.02,1400.0,0
32.0,4258.71,1945.91,2
1.0,0.31,875.0,0
20.0,4213.28,1634.04,2
45.0,4510.4,860.69,2
22.0,4086.56,150.0,2
15.0,1534.15,819.16,0
1.0,0.02,2400.0,1
22.0,1506.68,819.16,2
25.0,3644.5,500.0,2
19.0,2556.18,1214.43,2
23.0,2227.34,1465.95,2
31.0,672.54,463.41,2
14.0,433.23,178.0,0
5.0,408.88,450.0,0
10.0,5398.91,1602.0,1
8.0,909.43,1468.06,1
35.0,3577.39,1514.73,2
7.0,238.28,1908.34,1
42.0,1916.02,828.93,2
29.0,2426.07,969.12,2
18.0,8536.92,864.76,2
10.0,344.09,807.63,0
25.0,1536.16,811.47,2
38.0,2972.87,1003.72,2
5.0,338.29,1616.12,1
28.0,2462.66,598.0,2
2.0,5000.96,1100.0,0
4.0,70.07,937.0,0
2.0,19.72,0.0,0
20.0,2660.56,937.59,2
43.0,3545.67,900.0,2
5.0,1385.53,860.69,0
5.0,1206.04,700.0,0
4.0,158.16,150.0,0
4.0,18062.05,859.0,2
39.0,7056.91,941.85,2
8.0,1287.76,819.16,0
1.0,0.06,0.0,0
1.0,0.02,3900.0,1
5.0,11.73,2700.0,1
8.0,1575.29,735.52,0
12.0,1987.05,560.0,0
1.0,0.03,0.0,0
2.0,24.77,2250.0,1
19.0,7542.61,819.0,2
8.0,1565.6,919.16,0
9.0,390.37,0.0,0
10.0,2591.99,759.91,0
2.0,0.04,0.0,0
30.0,5879.06,208.0,2
25.0,1402.88,0.0,0
3.0,0.56,1734.0,1
19.0,2047.49,0.0,0
2.0,19.71,0.0,0
20.0,3741.26,849.15,2
13.0,2206.76,1040.36,0
5.0,176.63,1178.99,0
4.0,2869.31,750.0,0
12.0,1831.65,968.44,0
3.0,129.82,782.38,0
2.0,1.02,366.0,0
29.0,2777.3,1280.0,2
11.0,3993.52,1958.1,1
20.0,2189.95,758.15,0
1.0,0.02,723.45,0
30.0,1494.49,833.77,2
4.0,44.09,0.0,0
2.0,19.71,0.0,0
7.0,2241.85,1600.0,1
39.0,4713.8,990.0,2
32.0,7303.13,1076.63,2
5.0,508.06,490.0,0
18.0,2234.03,849.0,0
2.0,19.71,0.0,0
5.0,4070.09,1939.93,1
20.0,2830.67,1022.18,2
5.0,390.52,1482.04,1
18.0,1709.44,441.71,0
1.0,4.96,2284.0,1
10.0,2159.71,1514.66,1
1.0,0.02,750.0,0
16.0,3963.55,738.98,2
3.0,113.49,0.0,0
26.0,2679.54,849.0,2
7.0,658.43,1600.0,1
2.0,1.04,150.0,0
4.0,206.28,641.86,0
13.0,404.33,2665.0,1
30.0,4035.73,819.12,2
6.0,279.57,849.15,0
14.0,2093.97,807.63,0
1.0,0.02,1000.0,0
3.0,1239.39,1300.0,0
1.0,0.02,0.0,0
8.0,1125.98,581.88,0
10.0,2152.05,1600.0,1
20.0,1192.04,912.59,0
9.0,1873.77,3050.0,1
2.0,20.94,762.0,0
29.0,2058.66,974.0,2
22.0,3101.8,1522.85,2
1.0,0.02,600.0,0
10.0,893.19,669.63,0
6.0,299.84,1515.63,1
19.0,3457.01,1724.58,2
12.0,297.26,150.0,0
13.0,2428.78,1827.0,1
1.0,0.02,539.74,0
22.0,3.43,800.0,0
17.0,3896.89,860.69,2
10.0,1930.53,1460.0,1
13.0,1532.86,920.67,0
26.0,9954.83,868.29,2
6.0,868.62,1790.0,1
24.0,2649.54,1445.13,2
7.0,1546.41,904.0,0
34.0,6435.17,2548.31,2
1.0,0.02,1000.0,0
2.0,0.08,180.0,0
6.0,182.81,358.0,0
12.0,2854.63,1591.51,1
9.0,298.95,180.0,0
6.0,598.84,980.22,0
1.0,0.02,814.0,0
12.0,1561.49,849.15,0
13.0,3914.33,663.89,0
1.0,0.02,100.0,0
37.0,4519.59,1269.63,2
5.0,2495.93,1135.36,0
10.0,3117.41,1110.0,0
3.0,196.22,800.0,0
10.0,829.31,180.0,0
2.0,19.71,0.0,0
16.0,1871.93,1003.72,0
8.0,1325.93,820.0,0
7.0,255.37,158.0,0
4.0,1001.34,1772.0,1
16.0,3787.79,0.0,0
15.0,1218.52,546.15,0
2.0,30.0,0.0,0
10.0,3412.68,1021.0,0
13.0,1765.95,860.69,0
14.0,1813.84,860.69,0
24.0,2976.54,1131.0,2
5.0,1502.18,1450.0,1
11.0,2407.98,849.0,0
16.0,1336.26,879.41,0
18.0,1621.21,936.0,0
30.0,2874.97,986.03,2
17.0,1701.24,937.59,0
14.0,2011.54,833.77,0
1.0,0.02,158.0,0
8.0,265.74,1950.42,1
28.0,1479.99,807.0,2
25.0,4368.29,1222.5,2
10.0,283.28,150.0,0
16.0,1576.45,699.0,0
10.0,4838.07,969.0,0
14.0,2041.77,1022.18,0
50.0,12674.55,807.0,2
12.0,2257.17,1003.72,0
12.0,5006.91,1200.0,2
14.0,2460.02,1212.64,0
1.0,0.42,228.0,0
5.0,86.3,837.96,0
4.0,219.61,150.0,0
12.0,3226.29,650.0,0
24.0,8637.46,860.69,2
2.0,19.77,819.16,0
2.0,20.0,0.0,0
8.0,2186.31,1339.35,0
26.0,1669.59,719.7,2
9.0,380.27,430.0,0
4.0,297.93,158.0,0
33.0,2041.97,969.12,2
2.0,0.04,690.0,0
10.0,10054.49,511.0,2
6.0,2709.75,0.0,0
14.0,2282.28,1490.62,1
10.0,7347.17,716.12,2
7.0,979.04,714.56,0
1.0,0.06,0.0,0
1.0,0.02,1400.0,0
7.0,1453.49,785.99,0
13.0,3672.52,833.0,0
22.0,4335.42,3472.4,1
10.0,302.2,158.0,0
5.0,5916.78,0.0,0
1.0,4.65,1927.08,1
1.0,0.02,1687.0,1
8.0,1833.63,2317.91,1
4.0,473.9,1026.0,0
14.0,2129.6,929.41,0
5.0,662.18,2000.0,1
8.0,210.03,1477.43,1
26.0,2390.51,1214.0,2
20.0,3345.45,1444.64,2
1.0,0.03,0.0,0
23.0,2526.8,1280.56,2
35.0,1520.61,200.0,2
49.0,3948.14,1209.64,2
1.0,0.02,1677.76,1
28.0,1106.16,860.69,2
15.0,1456.36,0.0,0
52.0,4838.42,1474.18,2
5.0,267.69,1003.72,0
1.0,0.02,1300.0,0
12.0,3801.95,549.34,0
15.0,1404.44,0.0,0
14.0,2589.3,940.65,0
8.0,1537.44,819.16,0
3.0,3008.91,800.0,0
18.0,1778.43,819.16,0
13.0,1727.59,914.0,0
22.0,1420.71,857.63,2
27.0,3208.6,819.16,2
22.0,2377.1,1126.59,2
3.0,157.81,158.0,0
6.0,2857.69,922.0,0
4.0,252.98,1456.71,1
10.0,1324.3,849.15,0
40.0,920.52,807.63,2
26.0,2168.2,828.28,2
4.0,2519.76,740.0,0
8.0,251.27,1441.49,0
2.0,500.53,400.0,0
22.0,3039.69,1544.16,2
1.0,0.02,400.0,0
1.0,0.02,0.0,0
26.0,2984.54,1214.43,2
19.0,2069.6,800.0,0
6.0,1194.1,550.0,0
17.0,1620.31,792.18,0
17.0,1777.02,749.61,0
2.0,0.04,800.0,0
1.0,0.16,0.0,0
10.0,290.49,158.0,0
16.0,1688.47,807.63,0
13.0,1707.35,860.69,0
13.0,2497.49,0.0,0
4.0,167.91,430.0,0
4.0,172.81,158.0,0
4.0,1409.99,158.0,0
9.0,1481.96,2055.45,1
1.0,0.02,0.0,0
2.0,829.95,800.0,0
8.0,231.04,180.0,0
1.0,0.02,200.0,0
19.0,1754.39,819.16,0
36.0,3653.31,1022.18,2
21.0,2649.97,1060.91,2
12.0,1538.45,160.0,0
20.0,1666.91,158.0,0
16.0,2143.42,986.03,0
11.0,2659.54,954.0,0
22.0,2270.76,0.0,0
9.0,1101.66,711.05,0
31.0,4922.5,719.64,2
11.0,2122.17,1100.0,0
47.0,25356.63,937.59,2
37.0,3167.67,860.0,2
20.0,4762.05,1675.66,2
2.0,19.71,860.69,0
15.0,2485.02,1280.56,0
5.0,230.31,1022.0,0
15.0,2315.55,0.0,0
37.0,2121.15,668.19,2
1.0,0.02,150.0,0
15.0,1203.87,609.12,0
27.0,3793.49,158.0,2
18.0,2175.94,947.62,0
35.0,3054.85,1200.0,2
1.0,0.03,2540.0,1
23.0,125.97,656.44,0
22.0,577.24,158.0,0
11.0,283.87,178.0,0
12.0,361.22,158.0,0
4.0,210.87,870.0,0
19.0,3058.93,3006.82,1
2.0,262.68,819.0,0
30.0,1948.0,929.0,2
14.0,1388.3,851.0,0
8.0,2522.69,1532.58,1
1.0,0.02,2010.0,1
20.0,2422.26,3039.39,1
2.0,260.88,897.82,0
8.0,552.44,646.0,0
40.0,5167.11,847.15,2
18.0,1771.49,913.29,0
21.0,7344.24,1022.18,2
1.0,0.02,700.0,0
17.0,1753.29,1170.0,0
6.0,247.24,150.0,0
13.0,1493.58,807.0,0
3.0,20.27,0.0,0
14.0,1657.1,819.16,0
36.0,2235.2,954.51,2
9.0,859.25,0.0,0
27.0,1933.09,1003.72,2
2.0,19.72,853.14,0
30.0,6681.81,833.77,2
7.0,4867.32,3808.63,1
18.0,2057.17,717.05,0
1.0,0.02,1062.07,0
4.0,202.02,1003.72,0
7.0,501.27,937.59,0
3.0,303.03,800.0,0
1.0,0.15,1015.0,0
44.0,1110.39,541.18,2
21.0,336.9,0.0,0
44.0,1596.26,780.0,2
4.0,267.4,602.0,0
25.0,1659.99,150.0,2
12.0,3831.9,100.0,0
30.0,2061.36,800.0,2
4.0,382.17,332.65,0
6.0,369.9,1691.15,1
22.0,4073.81,807.63,2
4.0,177.81,150.0,0
5.0,61.07,629.04,0
45.0,2241.7,860.69,2
22.0,2583.21,1068.48,2
29.0,2073.35,903.75,2
1.0,0.03,0.0,0
13.0,1660.03,667.0,0
36.0,18040.28,1022.0,2
3.0,157.81,150.0,0
11.0,301.2,0.0,0
1.0,0.02,0.0,0
16.0,1962.15,2120.0,1
19.0,6038.86,1710.69,2
14.0,2321.25,1110.61,0
27.0,1498.05,819.16,2
20.0,1520.86,1003.72,0
23.0,1717.05,717.42,2
2.0,131.01,700.0,0
14.0,1619.02,807.63,0
15.0,2202.34,1428.0,0
6.0,1062.57,534.86,0
14.0,394.3,807.63,0
2.0,0.04,853.63,0
8.0,1689.29,969.12,0
12.0,676.08,457.0,0
5.0,167.8,158.0,0
17.0,3996.46,2036.2,1
1.0,1.67,450.0,0
16.0,4524.86,807.63,2
5.0,72.02,0.0,0
1.0,0.02,999.0,0
22.0,4383.31,1022.18,2
51.0,2551.59,807.63,2
37.0,4968.78,860.69,2
1.0,0.12,770.0,0
9.0,5080.91,700.0,0
3.0,93.41,800.0,0
9.0,20073.86,1234.42,2
3.0,819.81,1130.0,0
4.0,158.15,150.0,0
5.0,247.56,150.0,0
14.0,1232.72,744.51,0
8.0,1669.05,0.0,0
2.0,18.93,150.0,0
2.0,19.71,1680.0,1
3.0,72.17,740.0,0
4.0,286.21,850.0,0
27.0,2319.39,860.69,2
18.0,1668.42,150.0,0
4.0,367.71,969.12,0
19.0,3447.84,958.78,2
20.0,2060.83,2200.0,1
14.0,2790.65,847.0,0
7.0,580.41,923.3,0
12.0,3545.71,0.0,0
11.0,1409.62,665.84,0
32.0,1963.18,819.16,2
29.0,2135.95,1125.63,2
16.0,2427.05,924.0,0
1.0,0.03,0.0,0
17.0,1484.09,822.18,0
10.0,1259.68,0.0,0
8.0,1441.22,2297.3,1
10.0,786.87,745.83,0
3.0,179.52,150.0,0
1.0,0.02,150.0,0
22.0,1763.71,1039.97,2
2.0,20.0,0.0,0
3.0,340.47,2085.0,1
38.0,2280.64,871.19,2
16.0,2138.86,883.75,0
7.0,1612.47,977.63,0
20.0,1637.01,849.15,0
16.0,1502.39,1300.0,0
12.0,2251.24,960.0,0
9.0,761.49,2187.0,1
18.0,1737.04,874.53,0
28.0,1650.79,789.1,2
8.0,388.52,150.0,0
3.0,20.48,1226.0,0
2.0,4.31,1300.0,0
6.0,164.18,158.0,0
16.0,2406.57,954.51,0
5.0,9903.44,1169.0,2
2.0,80.77,1933.45,1
3.0,731.9,1090.0,0
8.0,1120.91,1959.34,1
13.0,3359.77,1113.61,0
9.0,2136.35,150.0,0
6.0,62.07,900.0,0
7.0,264.69,807.0,0
4.0,330.01,920.0,0
2.0,2.55,0.0,0
3.0,0.09,685.06,0
3.0,449.8,1900.0,1
28.0,2692.29,0.0,2
3.0,157.8,158.0,0
18.0,2205.69,898.0,0
10.0,1007.43,156.0,0
7.0,1359.03,1570.0,1
1.0,0.02,1492.0,1
16.0,1968.63,900.0,0
10.0,292.27,807.0,0
27.0,3903.16,1957.61,2
26.0,2697.34,1003.0,2
1.0,0.02,1900.0,1
4.0,256.55,150.0,0
13.0,1752.56,937.0,0
13.0,1426.99,819.0,0
13.0,3042.43,664.66,0
16.0,2024.72,937.59,0
10.0,645.3,2320.71,1
53.0,9442.08,819.16,2
3.0,3.45,1270.0,0
4.0,1.49,980.0,0
1.0,0.03,0.0,0
2.0,19.71,1022.18,0
18.0,4185.93,833.0,2
7.0,1973.43,1105.0,0
18.0,10141.99,807.63,2
8.0,76.48,2539.39,1
4.0,234.09,800.0,0
4.0,174.9,0.0,0
12.0,2712.79,956.78,0
15.0,2651.7,969.12,0
8.0,1156.08,1022.18,0
8.0,836.72,469.2,0
15.0,1738.94,874.53,0
39.0,24498.29,819.16,2
46.0,2337.18,1068.64,2
2.0,220.2,1500.0,1
27.0,1982.08,819.16,2
1.0,0.7,950.0,0
7.0,318.15,150.0,0
12.0,1917.97,807.63,0
1.0,0.02,801.39,0
31.0,6095.47,772.42,2
5.0,2890.06,0.0,0
7.0,292.32,150.0,0
30.0,2862.52,1606.97,2
3.0,60.71,0.0,0
24.0,3566.7,600.0,2
10.0,297.75,150.0,0
5.0,174.96,807.63,0
8.0,283.51,2310.0,1
7.0,1561.16,804.63,0
11.0,1854.69,849.15,0
45.0,3228.0,710.82,2
15.0,9920.7,620.0,2
20.0,2355.04,1090.62,2
6.0,346.03,608.52,0
3.0,11.44,50.0,0
1.0,0.02,0.0,0
22.0,2282.52,1110.0,2
31.0,8383.26,909.47,2
16.0,1974.96,929.0,0
10.0,1381.49,849.15,0
36.0,3226.45,701.69,2
2.0,0.15,1600.0,1
9.0,2057.34,600.0,0
2.0,0.04,0.0,0
46.0,2904.83,1200.0,2
13.0,7160.64,258.0,2
4.0,236.24,155.0,0
9.0,285.9,807.0,0
21.0,1373.66,156.0,0
4.0,589.7,493.22,0
5.0,5832.72,450.0,0
6.0,1020.71,787.0,0
3.0,157.82,158.0,0
34.0,15927.56,937.59,2
14.0,1433.02,555.0,0
42.0,1226.22,158.0,2
3.0,327.41,369.02,0
15.0,1688.65,856.11,0
1.0,0.02,800.0,0
23.0,2255.44,1003.72,2
23.0,2412.89,1570.62,2
10.0,1815.27,1220.0,0
21.0,5036.03,919.12,2
15.0,2318.45,0.0,0
12.0,269.56,150.0,0
7.0,309.95,177.0,0
31.0,3009.78,1054.0,2
12.0,1371.61,487.67,0
2.0,19.71,0.0,0
1.0,0.02,900.0,0
8.0,299.27,150.0,0
8.0,1194.88,800.0,0
30.0,2026.43,969.12,2
6.0,24205.13,840.0,2
15.0,882.57,1373.66,0
9.0,1425.93,0.0,0
35.0,1613.79,819.16,2
31.0,1952.14,1003.0,2
37.0,5070.49,1779.46,2
26.0,3388.05,860.69,2
2.0,19.72,974.86,0
3.0,1.38,550.78,0
17.0,1301.27,711.0,0
14.0,1480.49,580.36,0
5.0,438.76,875.45,0
6.0,619.93,890.97,0
17.0,1753.39,1093.08,0
36.0,3011.54,1090.62,2
10.0,2735.12,771.04,0
13.0,1415.01,849.15,0
2.0,0.04,500.0,0
12.0,1054.73,819.16,0
27.0,11079.93,1110.1,2
13.0,1173.37,5087.48,1
3.0,75.67,0.0,0
24.0,21309.8,4200.0,2
29.0,2292.5,819.16,2
20.0,1373.69,807.63,0
17.0,7483.89,158.0,2
42.0,6293.76,853.38,2
35.0,8329.34,937.56,2
26.0,1739.26,156.0,2
29.0,1454.87,819.16,2
15.0,1579.89,807.63,0
1.0,0.02,500.0,0
9.0,1180.12,475.87,0
5.0,2215.48,1597.0,1
1.0,2.56,973.29,0
9.0,1296.7,363.08,0
26.0,2752.53,954.51,2
11.0,969.54,935.65,0
16.0,4543.28,1529.69,2
31.0,4435.17,1022.18,2
9.0,471.7,604.92,0
8.0,2363.96,980.0,0
10.0,409.8,150.0,0
16.0,2435.6,1125.78,0
15.0,2187.31,1883.52,1
7.0,661.44,1513.33,1
6.0,308.15,150.0,0
8.0,214.32,990.0,0
28.0,2159.52,1003.72,2
12.0,1936.59,860.69,0
9.0,1879.99,874.53,0
24.0,1804.73,807.63,2
17.0,1916.76,902.18,0
1.0,0.02,0.0,0
9.0,709.0,537.34,0
1.0,0.02,755.63,0
2.0,587.98,0.0,0
19.0,2142.88,600.16,0
3.0,2.05,1377.0,0
15.0,460.64,1482.0,1
4.0,926.03,2238.03,1
9.0,1634.17,819.16,0
2.0,19.71,150.0,0
1.0,0.02,400.0,0
24.0,2626.48,1234.31,2
28.0,2229.13,1048.95,2
20.0,1924.49,833.0,0
16.0,2567.43,0.0,0
39.0,2481.17,986.0,2
10.0,1618.74,860.69,0
2.0,19.72,738.1,0
16.0,2596.68,986.03,0
4.0,514.72,665.79,0
8.0,190.17,529.85,0
30.0,2396.13,1692.04,2
1.0,0.02,156.0,0
9.0,6331.34,718.43,2
20.0,6203.82,860.69,2
38.0,12162.99,819.16,2
14.0,1624.81,816.0,0
13.0,7301.62,1641.0,2
1.0,0.03,2231.0,1
16.0,1567.82,1100.0,0
24.0,2615.51,0.0,2
2.0,248.22,1861.72,1
4.0,2178.31,2150.0,1
12.0,5809.53,954.51,2
2.0,19.71,0.0,0
2.0,2001.76,3964.0,1
1.0,0.03,500.0,0
6.0,81.74,150.0,0
5.0,279.88,180.0,0
19.0,531.48,258.0,0
17.0,1846.78,819.0,0
3.0,56.8,560.0,0
1.0,0.02,800.0,0
13.0,2511.67,1254.2,0
16.0,545.79,2738.0,1
21.0,23022.92,874.53,2
2.0,19.71,1606.39,1
5.0,811.8,1100.0,0
29.0,4393.73,704.08,2
13.0,3050.24,1189.33,0
19.0,2927.9,1867.0,1
1.0,0.02,150.0,0
12.0,1085.51,907.66,0
8.0,379.04,150.0,0
6.0,260.79,5070.0,1
2.0,0.04,861.0,0
42.0,9758.01,849.15,2
6.0,1281.45,160.0,0
13.0,886.79,800.0,0
2.0,1.02,318.0,0
16.0,2373.74,838.0,0
26.0,3005.08,1233.23,2
33.0,4019.16,726.0,2
8.0,1380.49,849.56,0
12.0,8830.7,927.71,2
13.0,416.79,180.0,0
27.0,11552.5,794.8,2
5.0,752.85,745.43,0
8.0,1479.47,0.0,0
1.0,0.15,804.0,0
29.0,2691.0,2850.0,1
1.0,0.02,1400.0,0
10.0,289.65,150.0,0
8.0,3092.5,3000.0,1
2.0,362.41,600.0,0
12.0,1495.51,818.0,0
1.0,0.02,788.44,0
27.0,240.28,248.0,0
7.0,276.93,158.0,0
39.0,1762.13,808.84,2
1.0,0.02,800.0,0
51.0,8144.65,566.0,2
19.0,2094.21,1762.9,1
12.0,1734.46,0.0,0
3.0,20.7,1815.0,1
16.0,2084.37,0.0,0
1.0,0.03,0.0,0
17.0,831.08,0.0,0
15.0,1268.9,1991.3,1
10.0,7759.29,1923.93,1
11.0,1861.14,1258.83,0
1.0,0.02,2000.0,1
33.0,6616.21,1003.43,2
8.0,896.43,150.0,0
1.0,0.02,1300.0,0
1.0,1.55,1000.0,0
12.0,1353.97,736.98,0
6.0,1545.47,0.0,0
29.0,4179.83,860.69,2
18.0,6018.41,1724.01,2
3.0,0.29,3000.0,1
17.0,2042.81,2142.17,1
8.0,4453.72,697.1,0
9.0,1859.41,807.0,0
7.0,18643.97,2031.96,2
25.0,2910.24,819.16,2
3.0,21.57,1090.0,0
1.0,0.03,0.0,0
12.0,265.55,150.0,0
1.0,0.02,750.0,0
14.0,1785.72,849.15,0
35.0,2185.26,588.15,2
25.0,2336.09,150.0,2
15.0,2391.52,0.0,0
4.0,23.16,100.0,0
1.0,0.02,0.0,0
9.0,1143.87,833.77,0
29.0,2303.67,1322.18,2
6.0,721.91,819.16,0
17.0,1972.13,0.0,0
31.0,1154.31,652.13,2
3.0,749.43,540.0,0
1.0,0.02,150.0,0
38.0,2241.97,807.63,2
15.0,1670.11,1074.51,0
51.0,2774.5,1090.62,2
9.0,249.27,750.0,0
1.0,0.02,2200.0,1
7.0,890.3,609.45,0
12.0,1315.18,1300.0,0
1.0,0.02,1177.0,0
26.0,4409.12,849.15,2
29.0,2147.76,819.16,2
1.0,0.31,947.92,0
1.0,0.08,736.73,0
17.0,2475.69,849.15,0
21.0,1584.06,874.53,0
25.0,4268.32,2884.08,1
47.0,2638.38,676.88,2
13.0,376.33,158.0,0
20.0,2078.22,658.0,0
2.0,1.26,1500.0,1
26.0,1720.18,158.0,2
4.0,358.71,0.0,0
35.0,2709.98,1228.63,2
19.0,1278.49,0.0,0
13.0,238.44,366.0,0
21.0,6127.99,1950.0,2
1.0,0.02,0.0,0
4.0,21.71,1025.0,0
2.0,1.02,480.0,0
1.0,0.62,180.0,0
34.0,2466.09,860.0,2
28.0,2426.48,734.65,2
19.0,5605.13,1003.72,2
2.0,19.72,0.0,0
1.0,0.02,1900.0,1
5.0,310.21,150.0,0
5.0,146.42,986.0,0
27.0,1919.45,0.0,2
16.0,1619.81,929.41,0
7.0,633.77,0.0,0
21.0,1935.58,874.53,2
19.0,2330.3,1191.0,2
34.0,2018.77,833.77,2
19.0,2281.12,807.63,0
35.0,9837.06,1022.18,2
24.0,1526.54,3605.03,1
3.0,40.04,800.0,0
16.0,4739.18,804.63,2
19.0,2076.52,874.38,0
13.0,1447.73,729.3,0
20.0,1747.16,2400.0,1
22.0,1738.8,833.77,2
6.0,1385.7,754.57,0
6.0,1526.56,0.0,0
4.0,234.15,158.0,0
26.0,3251.71,1400.0,2
12.0,2418.46,1022.18,0
5.0,215.99,1351.0,0
1.0,0.31,0.0,0
7.0,255.46,150.0,0
13.0,1570.4,1071.0,0
6.0,1050.97,1309.74,0
10.0,2472.48,1570.97,1
5.0,2655.4,1882.0,1
10.0,4341.1,1200.0,0
3.0,492.16,675.0,0
4.0,227.15,158.0,0
17.0,966.95,874.53,0
6.0,1262.46,640.69,0
26.0,1810.35,807.5,2
9.0,1779.31,2080.62,1
5.0,752.28,800.0,0
11.0,1285.66,849.15,0
23.0,2596.78,1022.18,2
3.0,290.3,0.0,0
6.0,645.31,455.13,0
17.0,1602.65,819.0,0
1.0,0.03,0.0,0
12.0,663.83,1834.3,1
13.0,1897.06,0.0,0
6.0,1490.61,693.43,0
11.0,3889.64,3048.56,1
7.0,745.87,809.0,0
18.0,2139.16,892.0,0
11.0,963.36,764.0,0
6.0,905.48,512.62,0
20.0,1509.88,1234.42,2
5.0,43.78,703.2,0
10.0,295.13,158.0,0
31.0,2215.93,888.34,2
2.0,8.85,2500.0,1
3.0,188.95,0.0,0
3.0,2.58,1722.35,1
7.0,183.87,0.0,0
12.0,3768.16,2737.38,1
1.0,0.02,2500.0,1
6.0,401.09,1161.0,0
20.0,3386.43,988.95,2
9.0,289.62,150.0,0
12.0,1465.18,150.0,0
2.0,20.09,1022.18,0
1.0,0.02,1500.0,1
16.0,1839.69,1054.48,0
28.0,7080.52,1660.0,2
7.0,3880.83,4500.0,1
16.0,2840.85,1311.0,2
17.0,1248.89,833.77,0
1.0,0.03,0.0,0
30.0,2882.83,2212.12,2
4.0,5875.96,5000.0,1
26.0,10677.08,715.0,2
6.0,1745.58,886.03,0
8.0,3300.74,1980.34,1
12.0,2018.68,850.0,0
8.0,381.36,338.0,0
9.0,1160.74,807.63,0
7.0,250.0,178.0,0
30.0,1723.64,1852.37,2
24.0,2546.22,1100.0,2
3.0,93.23,0.0,0
20.0,4045.84,1959.92,1
18.0,767.39,592.17,0
14.0,1955.3,945.6,0
6.0,844.68,980.0,0
4.0,43.12,1705.0,1
30.0,1983.87,815.32,2
1.0,0.02,1060.0,0
18.0,1687.95,850.0,0
9.0,664.29,1142.16,0
5.0,258.19,150.0,0
3.0,5368.0,0.0,0
15.0,2888.36,674.32,0
17.0,1479.3,832.77,0
16.0,758.98,278.0,0
12.0,1221.18,833.77,0
22.0,1490.37,788.0,2
14.0,23223.37,2360.0,2
17.0,1260.93,258.0,0
48.0,14901.73,1020.61,2
6.0,258.99,178.0,0
2.0,36.89,1200.0,0
8.0,285.8,800.0,0
32.0,2578.56,1180.05,2
15.0,2124.52,1911.95,1
1.0,14.59,3550.0,1
13.0,11514.29,860.69,2
29.0,6221.4,849.15,2
5.0,585.08,519.06,0
3.0,52.03,0.0,0
1.0,0.31,0.0,0
34.0,2821.83,1210.29,2
27.0,14185.23,5121.91,1
19.0,1584.53,674.09,0
6.0,290.73,1003.72,0
8.0,498.49,1022.18,0
3.0,119.74,900.0,0
1.0,0.07,0.0,0
7.0,1428.6,701.41,0
2.0,19.71,0.0,0
9.0,1818.8,874.53,0
14.0,2149.94,931.0,0
21.0,2112.68,936.03,2
19.0,12068.03,819.16,2
13.0,1514.65,976.77,0
10.0,326.34,240.0,0
17.0,2461.43,1200.0,0
7.0,1590.72,819.0,0
23.0,5045.35,1410.14,2
6.0,388.18,700.0,0
39.0,7850.05,4478.09,1
1.0,0.02,1813.0,1
13.0,2087.9,807.63,0
26.0,3808.75,150.0,2
18.0,3900.72,860.69,2
10.0,1808.09,1200.0,0
1.0,0.02,473.4,0
5.0,208.47,158.0,0
6.0,596.96,0.0,0
2.0,60.1,1550.0,1
1.0,0.62,0.0,0
1.0,0.02,1022.18,0
1.0,0.02,703.88,0
56.0,3981.98,709.95,2
3.0,1658.36,2000.0,1
43.0,6917.08,1121.51,2
1.0,7.82,2146.16,1
2.0,29.72,0.0,0
5.0,321.44,178.0,0
28.0,3062.52,1019.51,2
32.0,3641.75,1125.0,2
28.0,6712.27,1524.31,2
26.0,9961.44,2280.0,2
35.0,1785.86,1231.03,2
2.0,543.14,0.0,0
4.0,345.73,1552.55,1
26.0,5411.24,1477.43,2
5.0,1104.77,410.0,0
6.0,170.1,2315.84,1
18.0,1947.1,986.0,0
1.0,2.48,980.0,0
45.0,6161.5,849.15,2
11.0,2002.19,728.72,0
13.0,1908.65,626.21,0
14.0,1708.72,1224.11,0
14.0,3951.91,2000.0,1
7.0,283.37,280.0,0
13.0,8259.6,1272.87,2
1.0,0.02,150.0,0
15.0,1359.24,860.69,0
5.0,285.55,150.0,0
35.0,5937.92,2578.9,2
3.0,901.69,1500.0,1
3.0,2197.45,0.0,0
28.0,1453.19,743.85,2
4.0,149.33,1101.35,0
38.0,2279.21,870.0,2
8.0,1688.87,822.61,0
6.0,6435.32,4090.0,1
6.0,241.86,3700.0,1
1.0,0.02,900.0,0
7.0,2507.64,4054.48,1
18.0,4219.72,150.0,2
2.0,168.11,1778.0,1
10.0,1177.57,1288.46,0
14.0,526.07,684.0,0
3.0,314.63,1522.51,1
14.0,1829.78,969.12,0
11.0,1645.85,1003.72,0
13.0,7051.17,1130.61,2
18.0,2035.79,1022.0,0
18.0,3463.05,1566.92,2
1.0,0.02,2000.0,1
13.0,2789.38,1000.0,0
10.0,481.41,180.0,0
4.0,269.4,573.31,0
3.0,88.12,885.85,0
33.0,4719.04,158.0,2
22.0,2642.61,855.55,2
2.0,19.71,0.0,0
48.0,1309.7,158.0,2
22.0,1215.22,870.0,0
3.0,72.84,0.0,0
51.0,8645.74,1086.64,2
14.0,2247.6,920.67,0
7.0,1808.15,860.0,0
1.0,0.02,340.0,0
2.0,0.03,1750.0,1
1.0,0.02,800.0,0
3.0,89.97,0.0,0
5.0,308.15,150.0,0
17.0,2028.8,819.16,0
15.0,5839.0,1570.0,2
40.0,2806.24,821.0,2
7.0,359.64,158.0,0
1.0,0.02,0.0,0
6.0,530.68,674.59,0
18.0,2074.17,986.0,0
21.0,2430.03,805.0,2
2.0,19.71,3353.0,1
6.0,1168.65,158.0,0
3.0,120.73,2045.39,1
15.0,7800.17,1616.21,2
16.0,1485.88,0.0,0
15.0,1601.33,800.0,0
2.0,3.22,1097.0,0
12.0,7204.78,449.79,2
13.0,2192.21,1014.94,0
8.0,2162.68,2084.0,1
8.0,242.71,1086.0,0
12.0,1084.37,2014.32,1
10.0,1712.78,874.53,0
1.0,0.02,1400.0,0
1.0,1.64,1500.0,1
17.0,6564.7,1300.0,2
4.0,153.99,893.0,0
22.0,2233.76,833.77,2
1.0,0.02,0.0,0
30.0,4040.45,1212.64,2
26.0,2694.28,771.09,2
15.0,1584.74,150.0,0
12.0,4045.17,819.16,0
21.0,1947.08,954.51,2
6.0,379.2,740.95,0
3.0,253.38,800.0,0
26.0,1868.38,856.84,2
3.0,66.76,1343.28,0
36.0,3147.08,927.41,2
3.0,178.62,178.0,0
2.0,19.71,0.0,0
16.0,1909.9,3044.43,1
33.0,3188.23,986.03,2
4.0,184.79,1130.61,0
21.0,11333.81,1234.32,2
2.0,19.71,750.0,0
11.0,7437.26,1250.0,2
12.0,2741.28,661.42,0
2.0,1.03,450.0,0
1.0,0.03,0.0,0
11.0,1455.76,819.0,0
2.0,103.13,2050.0,1
13.0,1885.9,607.43,0
1.0,0.02,0.0,0
8.0,899.68,819.0,0
33.0,8107.31,1070.0,2
17.0,1673.66,150.0,0
31.0,2475.51,800.0,2
1.0,0.02,50.0,0
13.0,830.03,1218.14,0
9.0,1804.85,462.0,0
13.0,1980.16,601.13,0
2.0,60.03,670.0,0
1.0,0.02,1600.0,1
10.0,1997.33,0.0,0
14.0,5591.61,1646.46,2
11.0,2500.74,860.0,0
1.0,0.07,1530.0,1
8.0,756.8,715.06,0
33.0,11261.86,819.16,2
9.0,361.46,280.0,0
1.0,0.02,820.0,0
2.0,19.71,1110.61,0
21.0,3509.57,937.62,2
2.0,38.95,969.12,0
10.0,1818.71,980.0,0
1.0,0.02,960.54,0
11.0,1001.98,1867.31,1
21.0,635.89,360.0,0
29.0,2376.11,1117.0,2
19.0,1780.36,962.12,0
13.0,1057.01,540.0,0
12.0,1353.22,1050.0,0
2.0,0.04,1482.04,1
14.0,1968.05,807.63,0
3.0,35.98,0.0,0
8.0,1022.72,651.1,0
15.0,866.71,158.0,0
1.0,0.02,1588.0,1
9.0,1531.63,830.0,0
19.0,2167.24,849.15,0
4.0,336.76,1015.0,0
5.0,252.26,961.81,0
9.0,233.03,278.0,0
13.0,322.81,158.0,0
10.0,789.76,843.0,0
3.0,706.4,0.0,0
13.0,602.11,180.0,0
6.0,924.78,554.55,0
4.0,46.12,750.0,0
2.0,19.71,0.0,0
7.0,2843.04,800.42,0
8.0,1167.09,1558.0,1
20.0,1690.03,833.77,0
25.0,30.63,2350.0,1
1.0,0.07,1385.0,0
18.0,1548.11,819.16,0
3.0,158.71,158.0,0
11.0,1957.8,1015.0,0
11.0,288.97,150.0,0
31.0,2723.08,1257.0,2
38.0,5531.34,2059.36,2
4.0,1206.93,730.0,0
7.0,1629.09,0.0,0
9.0,145.52,950.0,0
15.0,2499.3,1090.62,0
10.0,2767.56,1700.08,1
5.0,233.78,746.21,0
23.0,3927.13,716.26,2
27.0,2590.98,819.16,2
24.0,2909.67,1003.72,2
18.0,2114.46,1850.0,1
18.0,3824.73,1243.09,2
25.0,2499.68,980.0,2
5.0,1105.22,2733.0,1
19.0,1828.33,874.53,0
8.0,1693.89,2150.0,1
18.0,2284.3,953.72,0
16.0,1892.09,954.51,0
8.0,244.48,700.0,0
2.0,200.93,0.0,0
3.0,30.02,2223.0,1
1.0,0.03,0.0,0
17.0,9535.63,1800.0,2
1.0,0.02,100.0,0
27.0,1785.43,849.15,2
4.0,487.89,1042.13,0
2.0,19.72,1130.0,0
6.0,3541.73,1477.43,1
6.0,967.52,732.58,0
1.0,0.03,1550.0,1
27.0,2361.48,1009.75,2
23.0,1722.27,860.69,2
25.0,1882.26,1525.2,2
15.0,391.13,208.0,0
10.0,622.21,1630.0,1
8.0,1248.94,533.21,0
11.0,741.23,378.98,0
5.0,228.98,278.0,0
10.0,3432.38,0.0,0
29.0,3449.39,1257.49,2
15.0,878.76,1060.0,0
12.0,1325.27,0.0,0
23.0,2505.29,860.69,2
7.0,258.56,158.0,0
1.0,0.02,3500.0,1
5.0,1586.87,840.0,0
11.0,2099.08,993.81,0
4.0,12.13,1500.0,1
11.0,1610.31,807.63,0
11.0,186.2,803.68,0
3.0,903.87,376.9,0
17.0,1814.84,2214.0,1
1.0,0.02,800.0,0
4.0,1043.81,1430.66,0
14.0,2035.39,2124.15,1
9.0,640.83,0.0,0
58.0,4422.32,0.0,2
30.0,2353.7,849.15,2
1.0,0.02,200.0,0
10.0,2445.35,716.0,0
9.0,693.5,2475.47,1
18.0,20185.69,1022.0,2
13.0,1646.93,807.63,0
49.0,2167.5,849.15,2
19.0,1840.65,160.0,0
9.0,877.41,0.0,0
3.0,933.36,740.0,0
18.0,1552.27,819.16,0
4.0,273.74,394.42,0
4.0,193.36,2800.0,1
13.0,908.04,158.0,0
23.0,2714.53,976.66,2
18.0,1840.69,811.47,0
17.0,1697.76,833.77,0
16.0,1653.95,769.0,0
36.0,2207.96,929.07,2
26.0,2338.1,1070.62,2
4.0,587.64,1020.0,0
54.0,5995.04,594.01,2
9.0,1161.9,1494.0,1
12.0,2083.87,974.03,0
18.0,4223.96,2124.09,1
10.0,1543.25,1807.0,1
23.0,4042.33,2176.59,1
14.0,2063.45,1101.51,0
12.0,1978.25,2036.0,1
7.0,858.44,150.0,0
1.0,0.02,2014.0,1
5.0,180.35,1200.0,0
20.0,2411.21,2152.12,1
16.0,2829.75,792.0,0
1.0,0.02,800.0,0
15.0,1070.07,208.0,0
11.0,1762.76,1110.61,0
22.0,3263.2,1416.5,2
6.0,1707.07,942.03,0
9.0,1824.71,2181.47,1
8.0,976.64,849.0,0
54.0,5583.48,774.95,2
2.0,1.31,0.0,0
1.0,0.03,677.39,0
26.0,1894.15,819.16,2
8.0,326.71,158.0,0
32.0,1426.88,1757.27,2
11.0,2073.55,968.55,0
5.0,295.64,158.0,0
28.0,4085.96,1152.23,2
3.0,157.81,158.0,0
16.0,1919.21,819.16,0
14.0,2502.93,511.78,0
25.0,2497.06,790.0,2
17.0,1483.55,600.0,0
4.0,1600.04,650.0,0
19.0,14001.61,1572.6,2
17.0,1128.64,1050.77,0
3.0,0.13,300.0,0
16.0,9670.91,849.15,2
16.0,2446.67,986.0,0
22.0,17828.52,1408.0,2
16.0,1958.47,1886.03,1
31.0,5267.31,807.63,2
21.0,1578.72,819.0,0
1.0,0.02,2984.37,1
1.0,0.02,5200.0,1
57.0,9393.09,840.0,2
29.0,2723.72,995.77,2
20.0,3987.54,1418.46,2
2.0,10.3,400.0,0
27.0,8221.68,0.0,2
1.0,0.02,800.0,0
15.0,1996.48,711.63,0
3.0,596.36,395.0,0
27.0,3484.1,800.0,2
3.0,40.33,893.75,0
22.0,13661.1,1022.18,2
44.0,3337.13,982.03,2
3.0,1.37,150.0,0
7.0,230.22,150.0,0
1.0,0.02,969.12,0
8.0,1065.78,725.0,0
22.0,5155.52,589.0,2
22.0,2227.72,969.12,2
1.0,0.02,1680.0,1
15.0,3546.39,1214.43,2
25.0,2464.81,807.63,2
19.0,548.53,200.0,0
19.0,1927.2,807.0,0
18.0,2182.09,849.0,0
16.0,1253.9,877.33,0
9.0,677.16,435.0,0
26.0,2417.32,807.0,2
17.0,1243.78,158.0,0
9.0,487.62,807.0,0
18.0,2201.43,937.59,0
13.0,671.47,156.0,0
9.0,298.87,150.0,0
14.0,1245.47,703.68,0
15.0,6350.03,3789.86,1
1.0,0.57,1000.0,0
3.0,2003.99,2176.17,1
23.0,2871.53,1022.18,2
1.0,0.02,1170.0,0
19.0,12938.79,1758.78,2
21.0,3150.78,969.0,2
4.0,178.97,278.0,0
16.0,2028.62,1326.03,0
24.0,2120.12,644.89,2
40.0,8391.49,1722.0,2
32.0,2693.11,849.15,2
4.0,293.32,754.56,0
28.0,6725.55,0.0,2
1.0,0.31,1782.0,1
1.0,0.02,681.0,0
24.0,3564.13,639.46,2
17.0,4763.01,1003.72,2
1.0,0.02,0.0,0
1.0,0.02,1857.0,1
6.0,1186.52,722.4,0
23.0,5845.53,783.77,2
8.0,209.53,158.0,0
13.0,1200.0,606.45,0
16.0,2283.1,2703.49,1
17.0,2439.58,150.0,0
2.0,40.0,1472.12,1
9.0,1228.42,807.63,0
7.0,354.02,433.93,0
15.0,1070.23,168.0,0
17.0,1123.55,623.76,0
19.0,1764.23,807.63,0
23.0,6327.34,860.69,2
31.0,3255.02,2250.88,2
1.0,0.02,0.0,0
7.0,2047.09,0.0,0
1.0,0.02,1452.0,1
11.0,4042.41,942.13,0
10.0,463.92,150.0,0
13.0,1858.8,920.67,0
21.0,5236.82,1569.28,2
1.0,0.02,300.0,0
9.0,882.43,810.28,0
11.0,1715.83,887.0,0
13.0,2078.56,860.69,0
7.0,575.82,1886.54,1
1.0,0.02,0.0,0
24.0,4684.25,682.08,2
2.0,19.71,784.0,0
15.0,1753.4,849.15,0
2.0,1.02,650.0,0
26.0,4422.39,928.33,2
26.0,1853.58,819.16,2
10.0,2950.01,2539.31,1
7.0,1430.75,965.36,0
26.0,2652.39,675.53,2
5.0,212.01,980.39,0
7.0,358.6,1390.71,0
2.0,19.71,0.0,0
4.0,254.93,999.01,0
12.0,1843.93,892.79,0
13.0,1065.07,969.12,0
1.0,0.02,700.0,0
26.0,5868.07,762.0,2
24.0,3608.74,687.59,2
2.0,7.02,600.0,0
29.0,2092.06,769.12,2
58.0,4333.67,1050.61,2
15.0,4438.91,819.16,2
17.0,1266.67,807.63,0
21.0,1606.29,819.16,0
8.0,2109.58,822.35,0
2.0,19.71,2350.0,1
12.0,3418.69,1214.0,0
26.0,2159.51,807.0,2
15.0,1949.85,700.0,0
5.0,622.36,268.06,0
41.0,4975.63,969.12,2
11.0,1360.58,160.0,0
13.0,2081.48,1243.0,0
8.0,298.86,150.0,0
6.0,743.84,630.7,0
7.0,12229.82,849.15,2
18.0,1922.23,1003.72,0
13.0,2320.66,1130.0,0
22.0,1871.32,1236.03,2
3.0,377.96,180.0,0
5.0,1541.9,1860.0,1
6.0,1035.01,947.27,0
2.0,19.71,2100.0,1
8.0,872.47,488.0,0
26.0,1842.23,819.16,2
4.0,39.43,0.0,0
29.0,5835.73,860.69,2
1.0,0.02,150.0,0
12.0,1315.97,850.0,0
12.0,800.26,480.0,0
21.0,1745.98,904.52,2
1.0,0.02,700.0,0
11.0,1875.48,1860.0,1
6.0,831.42,2039.0,1
3.0,157.81,150.0,0
8.0,323.35,150.0,0
19.0,5826.11,2700.0,1
4.0,329.46,0.0,0
23.0,1746.61,150.0,0
3.0,92.53,247.0,0
19.0,2260.07,860.69,0
2.0,104.11,1120.0,0
14.0,5201.0,1152.81,2
3.0,76.22,0.0,0
3.0,41.01,0.0,0
2.0,1.02,3200.0,1
21.0,2255.56,0.0,0
8.0,111.04,1559.09,1
8.0,1179.03,807.63,0
51.0,4173.89,1450.28,2
31.0,1486.06,929.41,2
17.0,3225.77,833.77,2
1.0,0.02,3300.0,1
1.0,0.09,0.0,0
2.0,69.71,150.0,0
1.0,0.03,100.0,0
25.0,5185.53,741.0,2
11.0,845.11,680.6,0
8.0,1181.15,777.87,0
1.0,0.02,1385.0,0
1.0,0.02,1200.0,0
3.0,300.53,1568.0,1
40.0,1781.17,819.0,2
23.0,2776.17,1280.56,2
8.0,259.11,1120.0,0
41.0,3017.72,1233.42,2
17.0,2016.58,977.49,0
7.0,190.22,2400.0,1
5.0,1288.15,580.0,0
35.0,1850.0,807.63,2
8.0,179.2,849.0,0
4.0,538.23,410.2,0
1.0,0.02,200.0,0
2.0,1.02,2800.0,1
38.0,3157.45,804.51,2
8.0,373.41,158.0,0
25.0,2325.26,2550.13,1
8.0,1409.6,1022.18,0
5.0,132.22,994.32,0
5.0,306.04,2880.0,1
6.0,1765.19,872.48,0
2.0,2.18,2100.0,1
10.0,24422.14,3211.0,2
9.0,750.84,569.69,0
21.0,4860.5,954.51,2
1.0,0.02,2100.0,1
6.0,179.18,150.0,0
42.0,3785.93,807.63,2
1.0,0.12,150.0,0
9.0,1733.68,842.0,0
6.0,1714.87,904.52,0
36.0,8148.72,904.0,2
8.0,1917.18,970.0,0
1.0,0.02,1201.03,0
9.0,1584.86,879.0,0
18.0,1899.27,833.77,0
9.0,1344.08,540.0,0
1.0,0.1,0.0,0
28.0,2887.7,749.51,2
33.0,2790.81,800.0,2
15.0,1163.12,1135.38,0
24.0,4317.24,1800.0,2
56.0,3468.53,1060.63,2
18.0,2697.82,158.0,0
1.0,0.02,150.0,0
25.0,5424.57,807.63,2
1.0,0.02,0.0,0
6.0,1750.43,425.8,0
18.0,1824.66,791.12,0
4.0,26.94,2020.0,1
8.0,856.58,1765.0,1
1.0,0.03,2100.0,1
8.0,1187.54,698.2,0
5.0,132.88,986.03,0
23.0,2163.39,849.15,2
36.0,15362.46,156.0,2
1.0,0.03,0.0,0
2.0,210.58,800.0,0
13.0,3342.82,1310.53,0
6.0,318.18,150.0,0
17.0,708.05,365.74,0
31.0,19138.09,150.0,2
14.0,2113.67,1041.44,0
5.0,304.23,1003.72,0
1.0,0.09,0.0,0
11.0,1639.89,874.53,0
6.0,561.64,1700.0,1
6.0,2017.06,2835.83,1
8.0,1707.47,120.0,0
15.0,2148.67,0.0,0
15.0,9368.8,3210.41,1
13.0,1924.9,807.63,0
6.0,260.07,157.0,0
32.0,2126.22,1632.19,2
29.0,1831.17,849.15,2
24.0,4445.48,969.12,2
1.0,0.02,2597.0,1
24.0,2762.14,150.0,2
25.0,396.99,150.0,0
13.0,9657.66,2370.0,2
13.0,2178.55,1002.68,0
1.0,0.02,1020.0,0
9.0,278.16,150.0,0
5.0,774.76,1445.13,1
1.0,0.02,3000.0,1
18.0,1736.9,677.93,0
14.0,620.87,1200.0,0
32.0,2816.03,1257.49,2
11.0,609.85,240.0,0
7.0,936.25,536.0,0
2.0,74.43,794.48,0
31.0,1384.94,819.0,2
15.0,1489.28,959.38,0
32.0,2058.53,740.0,2
33.0,2567.78,794.88,2
12.0,5683.7,1800.0,1
11.0,1973.52,1066.0,0
32.0,4989.65,1697.52,2
2.0,0.04,0.0,0
19.0,391.12,150.0,0
17.0,1874.84,819.16,0
31.0,2580.58,833.79,2
30.0,4599.85,885.54,2
4.0,43.12,760.0,0
25.0,1831.15,854.21,2
3.0,565.12,1401.59,0
10.0,378.89,150.0,0
14.0,1604.51,1540.58,1
26.0,2375.0,860.69,2
17.0,1596.11,643.34,0
12.0,1127.61,1464.32,1
16.0,2893.01,0.0,0
10.0,2911.29,684.42,0
5.0,1126.32,762.16,0
29.0,2513.05,861.62,2
18.0,1827.48,0.0,0
45.0,2250.39,819.16,2
6.0,317.75,400.0,0
7.0,695.58,577.46,0
27.0,1777.6,800.0,2
2.0,1760.76,2109.58,1
16.0,2351.73,1130.61,0
14.0,2042.56,856.0,0
7.0,900.63,160.0,0
24.0,2558.11,1022.18,2
15.0,3430.28,847.63,0
14.0,1303.58,833.77,0
22.0,3864.87,960.0,2
12.0,1431.1,1351.05,0
7.0,1169.91,700.0,0
24.0,2923.89,936.03,2
21.0,4224.42,819.16,2
4.0,240.2,1300.0,0
47.0,3400.77,969.0,2
4.0,1195.62,1284.0,0
4.0,46.12,1309.76,0
12.0,2006.14,1043.2,0
7.0,1573.47,1258.0,0
35.0,2192.82,900.0,2
27.0,2302.12,1234.42,2
17.0,1984.77,1003.72,0
9.0,1826.86,1054.48,0
15.0,1898.57,819.16,0
16.0,1831.73,849.15,0
11.0,2574.08,1193.43,0
2.0,19.71,0.0,0
4.0,1487.67,3207.82,1
31.0,3911.81,0.0,2
1.0,0.02,156.0,0
1.0,0.02,200.0,0
5.0,1902.65,2310.0,1
8.0,342.81,180.0,0
27.0,182.34,0.0,0
13.0,1670.01,1003.72,0
5.0,46.12,2600.0,1
6.0,1521.2,160.0,0
6.0,537.16,513.0,0
1.0,0.02,2250.0,1
8.0,1086.06,692.0,0
1.0,0.31,1850.0,1
19.0,1583.75,862.56,0
1.0,0.02,1500.0,1
5.0,2125.34,890.0,0
26.0,1919.51,807.63,2
13.0,1673.56,1985.94,1
10.0,560.41,0.0,0
26.0,2939.78,950.0,2
33.0,1793.87,804.63,2
11.0,1836.58,819.0,0
12.0,1920.73,860.0,0
10.0,1626.69,944.02,0
13.0,2225.93,1518.0,1
1.0,0.03,1900.0,1
10.0,1877.94,920.67,0
18.0,1433.13,850.0,0
19.0,1435.69,824.76,0
3.0,0.14,1218.68,0
29.0,2080.73,807.0,2
2.0,524.62,1365.0,0
2.0,19.71,150.0,0
4.0,5.04,2000.0,1
7.0,841.91,1597.76,1
3.0,40.47,1380.0,0
26.0,1364.68,819.16,2
37.0,6079.67,807.63,2
4.0,609.72,1000.0,0
15.0,3235.15,1643.97,1
23.0,2937.34,1003.72,2
6.0,584.03,406.52,0
18.0,2788.81,1098.0,2
30.0,1700.07,807.63,2
11.0,762.83,1022.18,0
2.0,1.02,366.0,0
3.0,13.63,485.55,0
5.0,80.4,681.0,0
18.0,4471.19,1400.0,2
1.0,0.02,800.0,0
1.0,0.02,660.0,0
27.0,2372.41,888.37,2
8.0,666.85,1132.0,0
21.0,2433.28,701.69,2
5.0,417.81,807.63,0
9.0,94.66,920.44,0
27.0,1874.65,804.63,2
1.0,0.02,900.0,0
17.0,528.4,158.0,0
21.0,1130.0,1120.0,0
14.0,5892.24,1003.72,2
12.0,1987.62,954.0,0
4.0,297.8,150.0,0
15.0,1580.61,1235.0,0
3.0,178.76,230.0,0
1.0,0.02,2500.0,1
18.0,1859.7,1014.94,0
12.0,1971.22,0.0,0
12.0,2443.38,786.44,0
42.0,2685.61,1488.37,2
33.0,1647.9,807.63,2
17.0,4778.94,458.0,2
11.0,1410.78,0.0,0
21.0,2743.41,1369.17,2
5.0,3.93,2421.7,1
13.0,1707.31,870.0,0
12.0,1412.1,452.91,0
2.0,19.71,150.0,0
2.0,19.71,959.38,0
13.0,2238.55,1008.98,0
5.0,179.54,1022.0,0
28.0,3917.41,975.0,2
16.0,1920.15,1333.73,0
11.0,449.88,150.0,0
1.0,0.02,0.0,0
39.0,16763.67,150.0,2
35.0,1869.04,860.69,2
2.0,30.0,2220.0,1
25.0,849.61,0.0,0
29.0,2290.14,180.0,2
4.0,80.79,2652.54,1
6.0,282.69,158.0,0
3.0,944.31,667.0,0
29.0,2440.37,977.0,2
3.0,600.75,985.0,0
32.0,2206.82,819.16,2
4.0,1.66,1375.37,0
11.0,508.97,1200.0,0
32.0,992.61,823.71,2
13.0,1216.94,650.18,0
19.0,7876.45,689.88,2
16.0,8832.38,208.0,2
6.0,704.82,840.0,0
5.0,180.37,1639.31,1
22.0,2025.42,874.53,2
3.0,72.5,150.0,0
13.0,4139.95,2584.92,1
11.0,1013.08,327.39,0
18.0,1223.93,150.0,0
16.0,3459.47,807.63,0
17.0,1463.99,360.27,0
28.0,1982.38,175.0,2
7.0,850.17,512.22,0
19.0,2082.44,3715.47,1
5.0,4324.3,2430.0,1
2.0,0.04,1200.0,0
4.0,172.24,733.33,0
18.0,2638.75,750.0,0
5.0,219.5,0.0,0
3.0,293.74,1250.0,0
21.0,5555.43,964.16,2
6.0,741.6,556.07,0
5.0,281.77,150.0,0
35.0,2415.34,833.77,2
19.0,1849.52,1951.4,1
12.0,1638.1,1041.03,0
7.0,1685.42,860.69,0
4.0,168.85,0.0,0
14.0,1276.5,574.37,0
4.0,314.37,750.0,0
2.0,300.32,0.0,0
8.0,329.4,1794.0,1
1.0,0.02,1622.95,1
30.0,5372.95,3230.33,1
1.0,0.02,123.39,0
21.0,9258.24,833.77,2
9.0,1177.65,3600.0,1
13.0,4963.26,1200.25,2
8.0,805.79,1260.0,0
7.0,3006.88,1480.0,1
1.0,0.03,1250.0,0
12.0,1505.75,707.25,0
16.0,1884.25,1100.0,0
43.0,4625.49,1331.0,2
15.0,4500.77,972.18,2
21.0,1777.04,1003.72,2
26.0,3977.3,860.0,2
1.0,0.02,621.0,0
2.0,0.04,769.0,0
13.0,10683.39,860.69,2
8.0,411.2,1022.18,0
28.0,1921.46,819.16,2
9.0,2000.66,920.67,0
4.0,49.7,1700.0,1
16.0,1412.08,860.69,0
41.0,3487.33,1613.0,2
5.0,461.56,1163.0,0
8.0,1575.54,819.16,0
14.0,434.37,750.0,0
21.0,2016.98,664.0,2
2.0,19.71,517.09,0
18.0,2305.76,1257.49,2
13.0,309.81,158.0,0
5.0,876.98,1022.18,0
10.0,1431.05,1313.46,0
17.0,1637.89,749.0,0
24.0,1525.08,899.16,2
39.0,4538.73,2171.07,2
10.0,835.44,785.0,0
1.0,0.03,1240.0,0
4.0,2000.33,976.37,0
16.0,771.87,566.0,0
7.0,762.24,0.0,0
2.0,0.04,1910.72,1
2.0,25.31,670.03,0
42.0,10581.98,1148.0,2
4.0,938.54,872.34,0
8.0,1938.76,990.0,0
15.0,2851.58,849.0,0
17.0,425.58,150.0,0
2.0,2.35,1068.0,0
18.0,1602.85,606.0,0
10.0,149.24,1750.0,1
3.0,69.72,0.0,0
15.0,1589.11,1976.19,1
6.0,2124.97,1037.71,0
24.0,2043.52,1095.62,2
6.0,890.52,451.0,0
14.0,741.86,158.0,0
12.0,1471.13,833.77,0
11.0,1727.98,777.59,0
11.0,1753.3,889.0,0
23.0,3483.05,850.0,2
2.0,132.64,0.0,0
24.0,2734.76,1090.0,2
7.0,254.78,158.0,0
12.0,2897.57,1130.61,0
21.0,1228.78,0.0,0
20.0,500.73,2085.0,1
22.0,1528.03,1818.74,1
2.0,0.04,628.0,0
11.0,2058.48,716.34,0
17.0,1237.2,819.16,0
5.0,295.55,1116.14,0
2.0,19.71,910.64,0
6.0,1243.58,494.27,0
1.0,0.62,0.0,0
32.0,3024.09,1212.0,2
15.0,5527.5,678.49,2
2.0,19.72,682.95,0
7.0,2237.27,796.69,0
19.0,2095.4,1780.0,1
33.0,2005.05,704.0,2
26.0,7633.18,833.77,2
22.0,2281.26,1233.06,2
1.0,0.02,650.0,0
4.0,53.98,980.0,0
7.0,1008.01,578.0,0
32.0,3952.77,1118.87,2
35.0,1988.67,833.77,2
17.0,1449.96,833.77,0
22.0,2194.78,1561.73,2
1.0,0.03,681.6,0
17.0,2294.72,760.0,0
1.0,0.03,0.0,0
2.0,180.09,1607.79,1
19.0,21617.29,0.0,2
13.0,1781.95,849.15,0
3.0,750.19,822.13,0
13.0,1293.74,2000.0,1
18.0,21163.51,1003.72,2
1.0,0.02,2524.0,1
2.0,1.93,2210.0,1
1.0,0.02,150.0,0
2.0,19.71,0.0,0
19.0,2638.04,1293.0,2
18.0,1137.21,790.39,0
16.0,2173.86,860.0,0
2.0,0.04,4185.0,1
2.0,19.74,0.0,0
27.0,1741.78,874.0,2
8.0,356.66,903.0,0
3.0,1203.03,0.0,0
18.0,3305.05,156.78,0
9.0,1308.54,807.63,0
21.0,1518.95,819.16,0
9.0,475.63,1200.0,0
58.0,2388.35,160.0,2
17.0,1347.12,819.16,0
8.0,1678.85,692.25,0
1.0,0.02,375.0,0
3.0,218.09,3101.01,1
6.0,366.5,0.0,0
14.0,4626.52,1450.0,2
29.0,2277.95,1630.61,2
1.0,0.05,850.0,0
2.0,0.05,685.17,0
22.0,3170.63,1477.43,2
5.0,179.79,0.0,0
3.0,157.81,150.0,0
33.0,2226.43,4110.99,1
27.0,1928.51,985.44,2
20.0,1889.57,1907.21,1
26.0,1965.27,0.0,2
8.0,2094.49,713.32,0
2.0,300.23,2000.0,1
28.0,3926.28,1400.0,2
19.0,1430.98,807.0,0
22.0,3389.04,923.2,2
2.0,0.04,0.0,0
5.0,277.59,150.0,0
1.0,0.12,850.0,0
27.0,1428.27,0.0,2
18.0,1042.27,418.0,0
18.0,1670.28,833.77,0
7.0,2156.11,1014.0,0
10.0,1001.55,816.44,0
11.0,415.41,158.0,0
16.0,13879.65,888.37,2
34.0,2813.76,819.16,2
6.0,246.46,1200.0,0
4.0,295.93,1050.0,0
32.0,2366.11,1110.61,2
1.0,0.65,1207.0,0
20.0,2683.67,2250.0,1
28.0,1502.9,807.63,2
1.0,0.06,1400.0,0
2.0,82.8,1000.0,0
10.0,1731.52,1231.12,0
28.0,2976.82,1265.44,2
15.0,2205.85,1090.62,0
4.0,1015.95,1400.0,0
6.0,902.25,2215.74,1
8.0,754.17,519.24,0
19.0,6686.18,1022.02,2
7.0,5010.63,692.0,0
11.0,1285.1,807.63,0
6.0,3021.1,888.21,0
9.0,390.01,180.0,0
31.0,2452.37,1022.18,2
8.0,1697.6,1600.0,1
24.0,771.48,650.0,0
42.0,2909.56,1408.0,2
6.0,823.26,639.5,0
3.0,210.72,1239.3,0
27.0,6628.31,2420.79,2
9.0,9962.63,1987.19,2
18.0,3263.0,1055.0,2
4.0,376.85,620.0,0
7.0,1638.95,904.25,0
20.0,2606.92,330.0,0
5.0,156.33,0.0,0
1.0,0.02,0.0,0
1.0,0.02,300.0,0
4.0,35.05,0.0,0
1.0,0.02,200.0,0
13.0,1886.91,2380.0,1
14.0,1660.82,966.66,0
5.0,198.99,180.0,0
1.0,0.02,1980.0,1
9.0,8.6,1600.0,1
8.0,1708.06,1025.33,0
20.0,624.07,1200.0,0
30.0,2499.91,675.95,2
33.0,25520.84,0.0,2
21.0,8043.06,849.15,2
4.0,13.25,180.0,0
21.0,2783.7,833.0,2
37.0,6069.58,830.0,2
45.0,2619.35,960.12,2
6.0,259.99,188.91,0
22.0,8554.65,1230.05,2
14.0,1949.18,2007.44,1
10.0,983.94,1208.0,0
27.0,2100.67,1128.91,2
26.0,4691.65,2161.69,2
7.0,6103.23,1500.0,1
13.0,1364.97,0.0,0
20.0,2099.11,0.0,0
25.0,15043.16,819.16,2
6.0,205.39,925.0,0
4.0,186.84,0.0,0
2.0,1204.35,0.0,0
9.0,4050.51,819.16,0
30.0,5586.84,719.69,2
3.0,20.7,0.0,0
17.0,2088.89,0.0,0
4.0,185.59,180.0,0
7.0,900.05,1118.0,0
4.0,289.27,2810.0,1
32.0,2137.3,753.0,2
2.0,101.31,800.0,0
4.0,177.8,150.0,0
17.0,2283.48,719.41,0
24.0,1947.78,787.54,2
12.0,3194.2,0.0,0
10.0,1491.19,819.16,0
5.0,201.18,1881.0,1
16.0,1091.32,1419.0,0
3.0,157.81,150.0,0
8.0,609.46,1000.0,0
27.0,1855.28,813.16,2
8.0,361.83,158.0,0
13.0,1562.43,819.0,0
19.0,1801.41,819.16,0
15.0,1693.24,772.67,0
23.0,10885.68,1322.03,2
11.0,376.17,170.0,0
5.0,610.8,807.0,0
14.0,24303.4,1882.01,2
2.0,19.71,849.0,0
19.0,1713.97,1070.42,0
33.0,1709.92,150.0,2
13.0,1733.06,1460.61,1
11.0,343.1,180.0,0
25.0,7964.88,991.0,2
9.0,303.89,150.0,0
1.0,0.04,0.0,0
4.0,6211.29,1580.39,1
16.0,1983.2,1233.0,0
5.0,1120.96,958.4,0
25.0,1872.39,969.0,2
2.0,400.23,0.0,0
9.0,1821.06,874.53,0
13.0,5111.04,819.0,2
1.0,0.02,1072.0,0
19.0,10724.31,860.69,2
15.0,1296.12,819.0,0
6.0,1499.54,749.0,0
1.0,0.02,480.0,0
5.0,29.36,0.0,0
22.0,1554.82,833.77,2
19.0,3080.67,1880.0,1
18.0,685.61,180.0,0
2.0,19.8,126.13,0
4.0,2137.45,1020.0,0
4.0,732.72,1030.0,0
1.0,0.02,2000.0,1
1.0,0.04,487.84,0
3.0,1013.67,2291.35,1
5.0,232.13,1081.85,0
28.0,1724.68,748.06,2
8.0,334.03,688.58,0
48.0,3310.03,1933.75,2
1.0,0.02,300.0,0
2.0,5.04,600.0,0
17.0,1373.36,1120.0,0
5.0,974.7,690.86,0
21.0,1557.57,811.47,0
1.0,0.02,0.0,0
15.0,1824.19,682.72,0
10.0,2551.85,673.59,0
4.0,1764.8,1050.0,0
1.0,0.02,0.0,0
3.0,8041.94,2330.0,1
15.0,6521.6,2802.11,1
11.0,1359.61,833.77,0
5.0,932.44,584.88,0
35.0,8836.16,719.16,2
6.0,358.13,1590.0,1
13.0,3797.43,980.0,0
12.0,730.03,2596.13,1
6.0,250.31,1150.0,0
3.0,3.16,1300.0,0
4.0,179.9,902.5,0
6.0,6851.62,1300.0,2
34.0,2288.55,860.69,2
8.0,188.0,1558.61,1
1.0,0.02,0.0,0
5.0,876.83,0.0,0
19.0,1952.29,1737.59,1
6.0,297.56,150.0,0
17.0,1901.19,888.37,0
12.0,2150.24,969.12,0
8.0,298.18,150.0,0
2.0,0.08,1090.18,0
26.0,1527.78,158.0,2
24.0,5572.37,807.63,2
11.0,1918.81,0.0,0
12.0,1666.48,150.0,0
12.0,2534.92,695.79,0
11.0,1845.9,969.12,0
4.0,11.38,300.0,0
3.0,31.52,2351.69,1
18.0,1459.01,650.0,0
22.0,1445.22,833.77,2
10.0,1942.42,1341.0,0
6.0,620.84,1304.4,0
22.0,826.1,380.0,0
2.0,260.13,1000.0,0
13.0,504.7,2502.74,1
23.0,1282.13,819.16,2
2.0,100.88,1000.0,0
30.0,1764.72,819.16,2
2.0,1.02,600.0,0
9.0,2742.42,0.0,0
20.0,1486.04,734.65,0
6.0,1005.69,573.72,0
18.0,12219.47,0.0,2
19.0,1853.84,980.39,0
2.0,44.88,1568.49,1
28.0,2767.02,100.0,2
13.0,2350.68,1075.0,0
17.0,11458.07,900.0,2
6.0,1512.1,1074.92,0
8.0,2193.04,954.51,0
2.0,0.04,1589.04,1
19.0,2044.44,1022.0,0
23.0,4401.43,833.77,2
2.0,19.71,0.0,0
20.0,5764.75,849.16,2
18.0,2243.14,809.0,0
9.0,317.58,158.0,0
6.0,301.59,158.0,0
24.0,1507.46,807.0,2
7.0,788.21,700.0,0
5.0,329.04,198.0,0
1.0,0.03,0.0,0
27.0,5543.43,1768.8,2
19.0,4610.05,860.69,2
11.0,234.88,158.0,0
4.0,817.04,1100.0,0
20.0,1846.27,860.69,0
8.0,13154.48,2749.93,1
13.0,2528.21,1612.16,1
25.0,3246.51,2985.52,1
26.0,2865.54,1571.09,2
18.0,1659.66,849.15,0
9.0,710.95,330.0,0
11.0,2079.45,1254.62,0
3.0,4.74,972.0,0
7.0,292.0,268.0,0
21.0,1750.16,797.0,0
16.0,2795.89,861.0,0
2.0,19.71,0.0,0
3.0,3.28,1081.64,0
9.0,311.06,575.56,0
29.0,4298.2,1780.0,2
19.0,4322.74,723.21,2
1.0,0.02,500.0,0
19.0,5945.57,964.0,2
10.0,9628.95,1698.0,2
20.0,2788.46,1325.0,2
30.0,1357.98,685.07,2
9.0,877.8,497.62,0
20.0,2364.12,156.78,0
12.0,1637.33,400.0,0
13.0,2024.85,849.15,0
4.0,21.38,1600.0,1
12.0,1265.29,807.63,0
15.0,1388.47,646.12,0
24.0,14776.73,1900.0,2
45.0,2684.79,150.0,2
1.0,0.02,2542.0,1
25.0,2695.16,1193.47,2
3.0,746.1,2321.0,1
34.0,25075.84,1441.27,2
30.0,1647.63,150.0,2
43.0,2163.38,819.16,2
7.0,99.14,150.0,0
15.0,2176.39,2721.0,1
8.0,677.25,616.81,0
22.0,7156.9,833.77,2
30.0,3270.56,1475.89,2
1.0,0.12,0.0,0
1.0,0.02,150.0,0
3.0,709.18,0.0,0
13.0,3099.94,1531.08,1
2.0,99.48,2000.0,1
1.0,0.02,640.0,0
11.0,1168.58,819.16,0
2.0,20.03,150.0,0
39.0,1596.35,807.63,2
7.0,710.61,1491.0,1
3.0,73.43,1400.0,0
13.0,580.19,0.0,0
17.0,1810.89,1393.02,0
12.0,1176.53,624.0,0
6.0,1891.18,1130.61,0
1.0,3.41,770.0,0
1.0,0.02,1258.0,0
4.0,518.91,992.0,0
1.0,0.02,0.0,0
3.0,1030.89,2034.0,1
14.0,1633.74,0.0,0
1.0,0.02,1231.23,0
6.0,1424.69,870.0,0
11.0,2075.4,860.69,0
21.0,1770.53,723.45,0
17.0,1515.77,819.16,0
20.0,1521.4,819.16,0
27.0,2089.68,863.0,2
1.0,0.02,1200.0,0
1.0,0.02,1040.0,0
1.0,0.02,1760.0,1
19.0,1920.22,1003.72,0
5.0,364.64,1500.0,1
20.0,5156.85,819.16,2
13.0,351.2,677.0,0
10.0,1497.06,558.0,0
2.0,21.29,0.0,0
1.0,0.02,0.0,0
32.0,4435.1,0.0,2
16.0,1609.54,968.12,0
7.0,309.75,0.0,0
12.0,3871.25,1586.81,1
9.0,2351.68,1600.0,1
37.0,2298.71,870.0,2
33.0,3552.55,150.0,2
3.0,51.27,1085.56,0
20.0,1454.47,1089.0,0
9.0,1660.72,819.16,0
2.0,27.35,1000.0,0
12.0,1705.44,860.69,0
27.0,2360.69,804.63,2
9.0,502.76,1097.88,0
16.0,1614.66,158.0,0
33.0,1571.47,932.63,2
11.0,1643.46,178.0,0
12.0,2802.97,1003.72,0
15.0,1078.42,1671.71,1
2.0,19.71,1335.0,0
21.0,1863.72,860.69,2
9.0,3482.95,5151.56,1
9.0,2716.77,791.32,0
1.0,0.03,180.0,0
12.0,3402.79,886.69,0
9.0,1670.44,969.12,0
5.0,308.15,150.0,0
24.0,8021.65,1304.4,2
1.0,0.02,1300.0,0
12.0,357.42,150.0,0
35.0,7512.56,687.57,2
3.0,0.08,1549.23,1
13.0,2250.94,1256.42,0
34.0,3295.9,849.15,2
8.0,2138.22,875.58,0
1.0,0.02,720.58,0
19.0,2003.3,969.12,0
3.0,19.73,980.0,0
17.0,2017.27,2050.0,1
16.0,1770.34,807.63,0
21.0,1590.06,833.77,0
4.0,183.31,1500.5,1
12.0,1496.67,762.48,0
2.0,19.71,700.0,0
4.0,203.52,500.0,0
4.0,903.59,0.0,0
23.0,1294.47,432.36,0
2.0,19.71,778.0,0
26.0,319.58,178.0,0
1.0,0.02,2800.0,1
2.0,19.71,0.0,0
14.0,2998.57,805.0,0
12.0,373.01,158.0,0
9.0,1271.69,1419.16,0
10.0,2045.53,819.16,0
12.0,401.74,155.0,0
9.0,142.17,0.0,0
22.0,3057.31,1444.0,2
29.0,3291.28,761.01,2
7.0,3992.72,2851.0,1
19.0,2069.77,860.0,0
5.0,3701.26,1300.0,0
2.0,671.51,300.0,0
2.0,15.32,3200.0,1
20.0,4913.84,3148.96,1
8.0,1146.24,2104.92,1
30.0,1691.21,691.78,2
10.0,95.87,0.0,0
17.0,1707.52,819.16,0
2.0,49.56,150.0,0
2.0,0.04,1462.95,1
2.0,39.73,3080.0,1
24.0,1541.49,860.69,2
21.0,2369.58,1597.84,2
2.0,0.48,0.0,0
4.0,3001.43,1640.0,1
8.0,2146.28,1022.18,0
1.0,0.02,719.0,0
1.0,0.02,0.0,0
1.0,0.02,0.0,0
13.0,3413.44,920.62,0
25.0,2399.62,0.0,2
1.0,0.02,900.0,0
21.0,2170.51,1130.61,2
27.0,3700.93,984.09,2
14.0,1847.76,1022.18,0
2.0,250.09,2500.0,1
9.0,364.78,1000.0,0
8.0,3567.18,1570.0,1
8.0,248.83,180.0,0
23.0,3006.73,1300.0,2
18.0,3920.14,1080.55,2
11.0,2617.13,770.0,0
26.0,2115.34,858.15,2
9.0,292.78,158.0,0
18.0,1697.78,849.15,0
9.0,2299.65,1024.68,0
14.0,2796.58,758.07,0
25.0,2214.02,1022.0,2
1.0,0.02,1450.0,1
13.0,2228.81,1230.0,0
6.0,355.1,150.0,0
1.0,0.02,1200.0,0
20.0,739.9,158.0,0
9.0,1832.93,781.28,0
2.0,19.71,860.69,0
45.0,3755.46,936.0,2
12.0,174.15,900.0,0
2.0,19.71,1537.91,1
10.0,3441.71,1997.19,1
5.0,8394.47,737.59,2
9.0,2007.26,800.0,0
10.0,2210.77,1068.0,0
18.0,4649.49,968.96,2
12.0,1852.98,940.0,0
25.0,2707.56,1221.09,2
6.0,10001.83,1028.1,2
10.0,1190.82,887.63,0
11.0,278.31,150.0,0
14.0,1464.37,788.0,0
4.0,46.73,0.0,0
14.0,1818.45,844.03,0
14.0,5509.19,765.11,2
17.0,2276.8,849.0,0
15.0,3656.74,1141.0,2
16.0,1968.73,0.0,0
41.0,2342.86,863.38,2
12.0,2445.51,692.76,0
1.0,0.02,1115.0,0
4.0,892.29,419.62,0
4.0,948.37,3100.0,1
27.0,1697.96,975.44,2
13.0,1962.92,1130.61,0
5.0,62.88,750.0,0
18.0,2490.14,980.0,0
11.0,1474.74,371.0,0
19.0,1701.43,860.69,0
41.0,1935.85,968.12,2
4.0,1062.84,830.58,0
17.0,1348.88,791.16,0
21.0,2462.04,150.0,0
21.0,1657.59,807.63,0
8.0,1354.49,942.21,0
17.0,5838.7,2054.58,1
1.0,0.11,0.0,0
12.0,1439.21,819.0,0
6.0,580.77,1374.0,0
47.0,3418.83,819.16,2
3.0,600.37,1633.33,1
15.0,383.53,180.0,0
10.0,1609.38,819.16,0
13.0,1720.62,725.0,0
7.0,262.91,150.0,0
24.0,1660.74,156.78,0
19.0,3075.74,838.37,2
7.0,321.47,180.0,0
18.0,1858.38,654.39,0
10.0,3121.5,0.0,0
15.0,968.3,2860.0,1
9.0,4272.23,2200.0,1
28.0,14605.08,998.86,2
22.0,9007.61,753.0,2
20.0,2444.87,739.35,2
12.0,6746.79,1400.0,2
9.0,1681.51,158.0,0
1.0,0.41,0.0,0
31.0,4098.3,833.77,2
2.0,468.18,457.22,0
15.0,2191.89,1003.0,0
32.0,2083.9,849.15,2
16.0,2878.66,1130.61,0
8.0,759.65,1374.66,0
17.0,1606.94,907.63,0
1.0,0.02,0.0,0
21.0,3895.1,1723.74,2
14.0,1790.48,1460.28,1
23.0,4900.67,1006.0,2
39.0,8678.31,2697.67,2
3.0,2418.59,1438.46,1
3.0,678.95,998.7,0
30.0,2467.16,954.51,2
1.0,0.02,1300.0,0
8.0,1463.23,833.0,0
6.0,1621.08,937.0,0
1.0,0.32,990.0,0
17.0,2849.14,1086.13,2
2.0,19.71,0.0,0
14.0,2040.61,1006.12,0
24.0,1565.02,819.16,2
18.0,2895.08,1769.0,1
5.0,183.01,1200.0,0
1.0,0.02,280.0,0
24.0,1874.35,969.12,2
18.0,1472.42,160.0,0
3.0,14170.2,567.0,2
12.0,1534.36,1230.0,0
1.0,0.07,0.0,0
6.0,1347.47,0.0,0
13.0,8878.52,1410.0,2
16.0,2695.61,986.03,0
2.0,0.04,2660.0,1
4.0,823.32,1611.66,1
27.0,3611.04,1093.62,2
30.0,2714.78,1234.42,2
2.0,50.13,0.0,0
12.0,1232.79,2767.66,1
1.0,0.02,0.0,0
1.0,0.03,2300.0,1
5.0,161.48,1000.0,0
12.0,2737.75,819.16,0
15.0,2430.93,468.38,0
15.0,1450.47,1141.71,0
15.0,930.01,1366.5,0
16.0,3064.62,1110.61,0
19.0,1136.32,158.0,0
24.0,2248.17,937.0,2
36.0,1926.29,819.16,2
13.0,2475.69,819.0,0
22.0,1294.04,2415.0,1
18.0,1693.05,156.0,0
31.0,1663.76,807.63,2
33.0,3484.29,765.68,2
23.0,6210.39,1133.0,2
10.0,1499.35,500.0,0
13.0,1732.69,849.15,0
5.0,4046.45,705.73,0
6.0,1681.5,962.65,0
5.0,925.51,3724.0,1
16.0,4274.55,727.55,2
27.0,5860.18,158.0,2
9.0,1747.15,849.15,0
13.0,2454.18,150.0,0
12.0,2498.04,675.0,0
10.0,3306.02,1384.0,0
1.0,0.02,800.0,0
18.0,1789.48,888.37,0
19.0,2704.49,1257.49,2
18.0,1558.28,1352.08,0
2.0,1.07,0.0,0
2.0,19.72,0.0,0
1.0,0.03,315.0,0
9.0,303.42,180.0,0
9.0,1330.57,819.16,0
24.0,4098.51,0.0,2
18.0,1561.28,849.15,0
15.0,1630.08,1090.0,0
5.0,255.98,930.61,0
31.0,3853.62,1872.02,2
1.0,0.02,5100.0,1
26.0,2376.04,740.0,2
18.0,1946.37,873.39,0
15.0,706.81,427.87,0
38.0,15659.25,833.77,2
1.0,0.02,380.0,0
3.0,732.96,560.0,0
2.0,1.71,1200.0,0
1.0,0.02,1787.14,1
6.0,207.81,158.0,0
1.0,0.02,180.0,0
4.0,264.92,864.0,0
4.0,240.97,1022.18,0
10.0,2338.35,1700.0,1
34.0,1502.4,807.63,2
14.0,1788.63,819.16,0
13.0,2102.8,1494.22,1
6.0,952.74,1570.0,1
19.0,1821.09,860.69,0
15.0,640.07,920.0,0
24.0,2703.93,1130.61,2
16.0,1193.61,636.44,0
14.0,1276.21,819.16,0
2.0,19.79,641.82,0
21.0,2021.8,868.53,2
2.0,30.11,0.0,0
12.0,921.25,733.6,0
16.0,1871.87,1640.77,1
26.0,3421.59,1000.0,2
10.0,965.82,324.0,0
5.0,247.58,150.0,0
5.0,61.92,900.0,0
6.0,1017.76,668.0,0
2.0,19.72,3200.0,1
4.0,2239.4,1214.43,0
4.0,672.01,819.16,0
1.0,0.38,3561.25,1
13.0,1438.41,636.0,0
17.0,417.74,180.0,0
8.0,17542.32,1418.97,2
11.0,292.16,178.0,0
24.0,1742.38,810.69,2
11.0,2169.14,833.77,0
8.0,1407.63,680.32,0
1.0,0.02,551.59,0
5.0,152.11,1270.0,0
8.0,1759.46,1108.26,0
22.0,2553.76,744.18,2
13.0,1619.54,869.92,0
12.0,5443.84,1587.0,2
10.0,7923.14,721.43,2
2.0,19.71,1110.0,0
32.0,3427.89,746.22,2
7.0,243.45,150.0,0
21.0,1244.81,158.0,0
10.0,247.09,158.0,0
11.0,1749.03,937.0,0
13.0,1449.69,160.0,0
27.0,2883.42,730.0,2
16.0,1833.95,723.27,0
53.0,2679.44,1251.8,2
1.0,0.02,3079.17,1
4.0,726.03,3830.0,1
24.0,2032.93,849.15,2
12.0,2581.2,1097.0,0
29.0,2004.87,864.82,2
7.0,3704.21,1124.98,0
51.0,2208.66,0.0,2
28.0,8666.3,807.63,2
9.0,234.71,158.0,0
6.0,1805.89,1444.4,1
1.0,0.04,1500.0,1
17.0,1691.53,833.0,0
21.0,2231.94,2008.21,1
8.0,23367.43,888.37,2
5.0,23.2,150.0,0
36.0,5267.09,986.03,2
11.0,6965.84,649.47,2
2.0,91.89,0.0,0
12.0,1621.47,860.69,0
10.0,1762.28,850.0,0
43.0,5301.84,969.12,2
8.0,316.92,150.0,0
2.0,0.04,700.0,0
2.0,19.71,1154.0,0
7.0,259.95,1022.18,0
16.0,3353.88,680.0,0
1.0,0.02,1019.0,0
17.0,1999.77,1620.0,1
35.0,2345.65,900.0,2
3.0,30.01,1210.0,0
19.0,1784.67,791.31,0
5.0,501.86,0.0,0
27.0,2217.75,1737.59,2
20.0,3967.71,1749.0,2
34.0,1562.07,807.63,2
4.0,439.0,364.52,0
42.0,2814.57,0.0,2
6.0,1923.09,807.63,0
38.0,2466.76,807.63,2
38.0,15821.86,1648.19,2
11.0,1829.38,1217.0,0
23.0,2075.16,1886.03,1
15.0,3209.52,1481.6,1
19.0,4836.41,807.63,2
3.0,0.6,647.42,0
5.0,1199.68,797.0,0
4.0,317.8,150.0,0
27.0,2184.85,1003.72,2
10.0,1638.66,156.0,0
4.0,94.98,521.0,0
6.0,1470.09,961.56,0
2.0,100.04,1055.91,0
21.0,2551.77,772.52,2
9.0,1051.37,696.47,0
18.0,796.73,1163.18,0
9.0,1015.79,835.0,0
2.0,1000.84,3040.86,1
17.0,1834.97,833.77,0
12.0,2022.32,525.0,0
24.0,5420.11,156.0,2
46.0,1878.19,178.0,2
4.0,43.14,1331.76,0
1.0,0.02,1750.0,1
3.0,819.47,1228.33,0
33.0,5663.41,694.21,2
51.0,9867.39,849.15,2
13.0,2427.49,849.15,0
1.0,0.02,976.63,0
8.0,1633.87,819.16,0
10.0,1328.63,905.0,0
26.0,856.74,807.63,2
2.0,241.98,3882.96,1
8.0,536.48,1265.41,0
37.0,2010.13,849.15,2
6.0,455.76,1003.72,0
1.0,0.02,4350.0,1
2.0,19.71,0.0,0
32.0,1742.71,739.43,2
23.0,1499.17,849.15,2
8.0,475.92,800.0,0
3.0,41.96,0.0,0
11.0,1093.13,920.67,0
21.0,1771.58,1003.0,2
10.0,858.02,568.07,0
7.0,1792.46,0.0,0
9.0,1487.21,815.74,0
19.0,14155.13,849.32,2
1.0,0.02,2500.0,1
4.0,3.79,466.05,0
18.0,3410.36,2880.0,1
14.0,1101.75,1085.94,0
14.0,1066.61,602.89,0
4.0,123.14,0.0,0
3.0,2.33,2100.0,1
27.0,2397.75,0.0,2
2.0,0.68,810.0,0
18.0,11524.51,1270.0,2
15.0,2498.21,1003.72,0
10.0,1519.23,658.44,0
22.0,1901.76,815.22,2
4.0,180.77,280.0,0
9.0,250.09,158.0,0
17.0,1608.82,807.63,0
21.0,2411.62,741.56,2
26.0,1787.3,967.12,2
10.0,2339.87,1216.55,0
4.0,229.34,158.0,0
19.0,7200.92,1372.94,2
7.0,324.19,738.26,0
37.0,4607.75,0.0,2
23.0,1556.22,513.4,2
11.0,1645.68,860.69,0
1.0,0.02,1550.0,1
10.0,545.82,158.0,0
31.0,2268.46,860.0,2
24.0,2455.08,156.0,2
10.0,893.96,1137.59,0
15.0,620.99,158.0,0
17.0,2633.67,819.0,0
6.0,907.62,2000.0,1
7.0,3406.26,982.79,0
2.0,35.0,1857.0,1
5.0,1626.26,2516.67,1
16.0,1273.26,859.69,0
14.0,1032.2,900.0,0
25.0,1968.57,874.53,2
35.0,4717.23,1003.72,2
6.0,1627.21,1018.66,0
20.0,1314.02,597.13,0
2.0,1.03,3880.0,1
1.0,0.31,1475.0,1
10.0,1646.28,819.16,0
22.0,2137.39,929.16,2
1.0,0.02,1900.0,1
4.0,79.49,702.48,0
1.0,0.02,700.0,0
9.0,696.6,746.0,0
7.0,1535.67,750.05,0
23.0,2077.01,1130.61,2
25.0,8251.57,1050.0,2
23.0,1762.82,1564.12,2
4.0,2204.81,828.37,0
12.0,272.37,150.0,0
4.0,863.25,0.0,0
2.0,20.0,3000.0,1
12.0,2760.89,874.53,0
9.0,928.31,150.0,0
4.0,240.35,1204.16,0
14.0,1618.98,807.63,0
2.0,0.04,823.94,0
8.0,1727.56,904.42,0
9.0,508.43,800.0,0
1.0,1.7,1700.0,1
2.0,104.34,1242.93,0
1.0,1.55,0.0,0
19.0,3337.05,1200.0,2
2.0,0.08,800.0,0
3.0,877.31,430.0,0
40.0,26279.69,807.63,2
38.0,2480.77,849.15,2
8.0,2030.98,702.21,0
22.0,1426.95,158.0,0
40.0,3638.83,964.25,2
5.0,593.93,4950.0,1
15.0,2218.14,720.0,0
3.0,127.77,0.0,0
2.0,19.71,764.0,0
45.0,2494.77,1207.29,2
11.0,1594.5,150.0,0
5.0,731.68,578.4,0
4.0,141.65,650.0,0
2.0,0.04,2700.0,1
8.0,299.27,150.0,0
9.0,3011.92,1120.0,0
1.0,0.93,750.0,0
14.0,1436.34,158.0,0
28.0,598.38,0.0,2
15.0,8392.38,1048.26,2
16.0,593.63,452.29,0
15.0,1293.69,812.63,0
13.0,6061.48,1192.0,2
1.0,0.02,1200.0,0
35.0,6199.93,849.15,2
1.0,0.02,1948.0,1
5.0,47.12,1420.0,0
2.0,1.02,1786.12,1
4.0,108.38,1170.0,0
4.0,968.12,463.67,0
5.0,4755.94,1060.55,0
13.0,1811.48,3259.94,1
1.0,0.31,0.0,0
5.0,48.52,3872.0,1
6.0,2050.68,0.0,0
9.0,1724.84,1820.0,1
3.0,178.63,178.0,0
32.0,2063.48,802.56,2
30.0,8983.68,0.0,2
17.0,2642.79,1256.49,2
5.0,893.21,969.12,0
6.0,276.26,155.0,0
4.0,910.59,1365.0,0
3.0,333.73,472.0,0
1.0,0.02,2253.02,1
20.0,2477.62,986.03,2
3.0,40.05,0.0,0
1.0,0.05,1132.0,0
26.0,2082.19,1118.0,2
23.0,1259.73,611.53,0
3.0,70.03,1198.0,0
1.0,0.02,4600.0,1
36.0,10475.73,639.09,2
3.0,996.72,700.0,0
3.0,363.3,1637.75,1
16.0,3581.98,833.77,2
9.0,1251.07,954.32,0
2.0,19.71,934.0,0
6.0,950.03,1925.0,1
23.0,1626.93,816.16,2
29.0,2691.61,615.0,2
28.0,1733.03,686.04,2
44.0,8099.2,969.12,2
5.0,220.19,178.0,0
2.0,0.04,600.0,0
3.0,157.81,150.0,0
13.0,2210.99,1022.18,0
4.0,203.54,0.0,0
39.0,1966.77,904.0,2
17.0,2700.58,158.0,0
1.0,0.02,180.0,0
35.0,10353.23,819.16,2
48.0,3007.9,819.16,2
17.0,1477.32,661.4,0
40.0,2128.69,833.77,2
15.0,1678.02,158.0,0
15.0,3200.72,874.65,0
3.0,2.94,600.0,0
4.0,262.99,150.0,0
38.0,4244.73,969.12,2
37.0,2011.34,4073.5,1
20.0,1433.47,3293.93,1
14.0,1925.75,864.3,0
6.0,77.25,0.0,0
7.0,1434.03,1755.93,1
12.0,1228.86,904.52,0
8.0,1569.0,800.0,0
4.0,230.77,150.0,0
2.0,19.71,0.0,0
10.0,3117.35,1090.62,0
15.0,1948.72,930.0,0
6.0,1035.4,0.0,0
2.0,400.46,1326.0,0
30.0,3048.57,1200.0,2
10.0,2656.56,1165.76,0
34.0,5274.07,819.16,2
17.0,4162.8,1623.35,2
7.0,244.38,1003.72,0
22.0,1617.78,869.15,2
45.0,5013.13,555.88,2
12.0,1622.5,565.27,0
1.0,0.02,1550.0,1
1.0,0.02,550.0,0
23.0,3836.39,807.63,2
5.0,1020.47,1100.0,0
16.0,1733.37,340.66,0
13.0,3481.27,1629.41,1
5.0,3148.57,1955.0,1
2.0,19.71,150.0,0
10.0,2170.53,833.77,0
1.0,0.02,1797.09,1
3.0,1097.47,650.0,0
21.0,1879.49,888.37,2
4.0,199.56,1003.72,0
5.0,223.43,917.73,0
11.0,2058.96,1130.61,0
18.0,4916.59,156.0,2
17.0,1634.1,0.0,0
5.0,936.58,690.79,0
5.0,218.99,248.0,0
16.0,1407.58,807.63,0
21.0,7684.56,818.55,2
4.0,6240.86,0.0,0
24.0,890.97,150.0,0
1.0,0.02,650.0,0
31.0,3134.51,1783.4,2
14.0,1814.45,1360.0,0
27.0,2345.74,986.0,2
26.0,11550.57,1055.66,2
1.0,0.02,1250.0,0
13.0,1521.67,937.59,0
43.0,7618.65,849.15,2
12.0,1084.72,849.0,0
57.0,5122.89,1130.61,2
6.0,390.34,1500.0,1
1.0,0.02,210.0,0
34.0,1997.89,100.0,2
12.0,2870.71,1003.72,0
28.0,4732.11,1543.58,2
15.0,1777.95,627.0,0
7.0,1149.7,860.69,0
38.0,2526.93,0.0,2
11.0,275.13,158.0,0
2.0,10.1,158.0,0
2.0,24.0,1056.0,0
30.0,2063.11,969.16,2
23.0,1576.13,849.15,2
35.0,944.79,510.46,2
7.0,1463.04,150.0,0
9.0,11075.86,1003.72,2
7.0,840.78,1220.0,0
37.0,9180.63,1110.43,2
15.0,1751.98,937.59,0
9.0,849.39,827.63,0
2.0,0.1,2500.0,1
22.0,1845.96,150.0,0
23.0,2767.63,1257.49,2
9.0,2062.57,1275.84,0
1.0,0.02,1400.0,0
27.0,7987.9,2147.0,2
19.0,3231.72,1059.0,2
1.0,0.06,2200.0,1
9.0,1523.98,800.0,0
10.0,4843.14,1003.72,0
29.0,3106.48,2287.49,2
6.0,509.72,861.13,0
19.0,2977.99,1234.0,2
19.0,3018.68,1200.0,2
2.0,1.02,200.0,0
3.0,20.5,3790.27,1
8.0,440.17,889.37,0
6.0,4954.14,1800.0,1
10.0,790.49,938.32,0
13.0,1710.92,980.0,0
11.0,1977.3,1470.0,1
16.0,2240.95,833.77,0
5.0,696.12,500.0,0
3.0,42.79,978.61,0
13.0,1527.77,665.6,0
19.0,3301.07,156.78,0
15.0,1869.49,1079.43,0
15.0,1808.29,833.77,0
11.0,2367.73,2400.0,1
4.0,30.33,950.0,0
13.0,1375.69,1343.0,0
14.0,848.95,1202.24,0
28.0,20831.33,160.0,2
11.0,314.89,150.0,0
13.0,355.28,150.0,0
13.0,2734.05,1014.0,0
1.0,0.02,10.0,0
9.0,1162.1,1229.0,0
1.0,0.02,700.0,0
32.0,3938.73,3223.69,1
1.0,0.02,500.0,0
13.0,2041.91,1802.2,1
13.0,2123.22,1042.13,0
9.0,1828.77,1585.0,1
12.0,1730.53,977.95,0
9.0,646.69,526.0,0
23.0,2692.07,920.67,2
3.0,2.19,0.0,0
12.0,372.66,2691.6,1
25.0,2231.07,1068.56,2
4.0,704.12,1000.0,0
39.0,2341.54,1910.0,2
29.0,3017.14,1482.04,2
2.0,0.04,0.0,0
7.0,280.01,203.0,0
5.0,979.0,792.0,0
3.0,37.47,74.0,0
1.0,0.02,1200.0,0
26.0,5386.35,950.0,2
18.0,1242.93,620.0,0
14.0,1079.33,739.45,0
9.0,94.62,1710.0,1
19.0,4649.96,1544.52,2
9.0,2325.52,819.0,0
2.0,69.76,0.0,0
19.0,2219.13,812.51,0
1.0,0.02,1500.0,1
1.0,0.13,400.0,0
7.0,893.18,819.16,0
22.0,962.02,366.05,0
8.0,675.15,430.0,0
19.0,956.18,493.0,0
9.0,945.13,1022.0,0
29.0,5697.2,553.0,2
2.0,19.71,1450.0,1
8.0,368.18,208.0,0
7.0,2128.2,1530.0,1
29.0,2478.71,937.59,2
26.0,2272.51,874.53,2
35.0,5150.68,833.83,2
35.0,1444.65,737.18,2
1.0,0.31,0.0,0
13.0,2173.59,1138.49,0
33.0,1645.41,900.0,2
4.0,1007.27,0.0,0
8.0,927.79,1028.77,0
24.0,8899.1,698.18,2
19.0,1729.67,747.0,0
38.0,6525.86,812.99,2
15.0,1614.37,944.1,0
6.0,204.84,928.89,0
26.0,3563.4,859.58,2
17.0,766.21,534.0,0
3.0,200.15,1894.0,1
11.0,1902.24,1115.0,0
17.0,1368.93,1059.75,0
5.0,454.2,800.0,0
3.0,56.54,655.0,0
2.0,1029.32,2900.0,1
2.0,35.04,950.0,0
1.0,0.02,350.0,0
1.0,0.03,0.0,0
19.0,7731.88,833.77,2
7.0,169.14,258.0,0
13.0,474.78,280.0,0
3.0,595.66,531.0,0
5.0,47.12,2206.0,1
1.0,0.02,1080.0,0
14.0,1119.78,852.0,0
17.0,1454.06,649.0,0
30.0,1424.22,1029.0,2
17.0,1946.67,694.61,0
3.0,219.84,0.0,0
1.0,0.35,471.27,0
3.0,127.51,0.0,0
7.0,1439.01,1827.99,1
2.0,19.71,1022.18,0
4.0,951.95,1031.95,0
21.0,1843.07,150.0,0
3.0,132.35,0.0,0
5.0,71.59,1385.6,0
31.0,1904.25,1254.51,2
8.0,2957.99,1722.17,1
19.0,496.81,248.0,0
4.0,317.8,150.0,0
9.0,290.81,158.0,0
21.0,2595.29,1620.0,2
15.0,4840.37,849.15,2
9.0,392.12,1000.0,0
14.0,2103.99,833.77,0
12.0,779.54,807.0,0
24.0,7253.49,1730.69,2
2.0,19.71,900.0,0
8.0,659.31,542.27,0
25.0,8458.45,1257.49,2
7.0,2422.82,1595.56,1
7.0,573.17,574.62,0
12.0,2994.28,685.16,0
2.0,19.77,2700.0,1
13.0,1317.87,782.11,0
13.0,1856.8,750.0,0
1.0,0.02,0.0,0
16.0,341.36,150.0,0
28.0,2484.6,1070.13,2
2.0,1000.05,1500.0,1
13.0,1619.76,807.63,0
7.0,5174.11,657.54,0
17.0,949.27,807.63,0
11.0,1509.87,799.24,0
8.0,2202.45,653.66,0
22.0,2341.33,0.0,0
22.0,1616.96,860.69,2
25.0,3178.01,1300.0,2
11.0,300.67,150.0,0
7.0,605.31,496.22,0
17.0,1807.93,691.57,0
1.0,0.43,0.0,0
20.0,1201.26,900.0,0
10.0,6437.86,0.0,0
2.0,93.92,518.43,0
3.0,3.23,1537.5,1
9.0,301.55,728.0,0
2.0,19.71,1200.0,0
7.0,2135.91,1090.62,0
13.0,1791.04,676.05,0
34.0,1386.82,819.0,2
4.0,744.8,489.99,0
9.0,2852.83,0.0,0
29.0,16230.38,860.69,2
10.0,619.98,461.95,0
15.0,1657.99,600.0,0
6.0,224.09,158.0,0
14.0,2931.94,1700.0,1
1.0,0.02,0.0,0
44.0,4876.94,807.1,2
2.0,19.71,0.0,0
6.0,558.91,986.03,0
14.0,10447.1,120.0,2
3.0,30.33,954.0,0
9.0,2776.01,692.88,0
9.0,1675.97,709.72,0
9.0,2018.62,1447.75,1
6.0,319.96,1090.62,0
6.0,923.19,1180.0,0
12.0,3049.24,1579.16,1
3.0,0.17,1850.0,1
5.0,658.95,412.71,0
3.0,1048.35,2082.35,1
15.0,1727.45,890.62,0
26.0,5681.57,849.15,2
17.0,3686.06,900.0,2
2.0,19.72,0.0,0
19.0,1263.05,819.16,0
5.0,796.09,1002.54,0
17.0,1616.39,849.15,0
2.0,19.71,2184.0,1
17.0,3593.32,1770.11,1
4.0,218.43,0.0,0
23.0,1924.76,672.0,2
5.0,723.91,429.0,0
24.0,1501.8,823.18,2
6.0,239.12,800.0,0
21.0,1083.0,481.0,0
1.0,0.02,800.0,0
20.0,2290.51,1077.29,2
4.0,3000.08,816.32,0
39.0,12931.52,1104.0,2
3.0,11.03,1570.0,1
53.0,5219.16,620.87,2
16.0,2029.7,601.67,0
15.0,1667.47,819.16,0
7.0,291.78,897.0,0
7.0,1700.43,860.69,0
12.0,3316.91,1200.32,0
38.0,2298.43,819.16,2
28.0,2431.29,849.15,2
2.0,29.82,0.0,0
16.0,6048.14,833.0,2
28.0,1278.26,150.0,2
1.0,0.09,0.0,0
13.0,6014.16,1865.36,1
9.0,54.09,80.0,0
48.0,2917.97,1304.4,2
1.0,0.31,0.0,0
22.0,5481.65,1000.0,2
18.0,2235.65,1097.28,0
26.0,1756.3,974.01,2
32.0,5386.84,860.69,2
20.0,1666.35,800.0,0
18.0,1602.17,867.81,0
22.0,2127.54,849.15,2
1.0,0.02,1268.0,0
13.0,2398.79,927.29,0
2.0,767.66,355.0,0
1.0,0.02,559.0,0
20.0,2025.78,1566.2,2
13.0,792.96,800.0,0
9.0,17443.39,675.1,2
19.0,2086.29,1022.18,0
3.0,540.05,744.57,0
27.0,8183.27,1022.18,2
8.0,866.76,808.0,0
3.0,202.73,1550.0,1
4.0,211.45,653.0,0
16.0,11132.5,1145.22,2
15.0,1013.9,710.04,0
2.0,19.71,0.0,0
4.0,361.79,400.0,0
30.0,1861.91,2230.0,2
17.0,1611.75,807.63,0
3.0,76.53,990.0,0
15.0,3290.4,859.8,0
1.0,0.02,830.0,0
12.0,2133.33,0.0,0
1.0,0.02,150.0,0
9.0,2578.3,0.0,0
17.0,2025.33,1132.49,0
1.0,0.02,3700.0,1
10.0,198.4,1820.26,1
10.0,5256.06,158.0,0
11.0,1362.99,732.1,0
35.0,1876.16,807.63,2
2.0,250.54,1360.0,0
10.0,3683.56,1048.0,0
