"Frecuencia,""Transaccionalidad"",""Ingresos"""
5,121.36,1918
1,0.02,2000
36,6786.87,860.69
8,62.87,1354.39
12,1978.01,1586.03
13,1785.34,1704
2,60.04,487
9,1520.56,697.34
15,1692.3,756
2,0.04,640
2,34.3,1200
7,177.35,749
13,1717.88,874.59
10,1275.16,849
10,3725.2,1408.95
46,16080.91,1173
23,5376.75,1000
37,1623.27,158
1,0.03,1200
27,2136.91,0
3,40.74,1080.08
1,0.14,0
21,1744.18,650
3,247.01,3494.05
6,351.11,180
20,3090.62,1214
3,70.62,3530.51
10,371.26,904.52
14,1963.46,827.32
13,2689.11,840
19,2344.9,0
23,201.17,100
29,2955.19,1757
13,3551.15,2261.22
8,1371.08,1032.53
5,974.66,0
19,1957.4,560
1,0.02,825
2,0.07,472.98
20,6590.2,1206.72
7,1559.92,158
18,582.22,450
22,2541.76,589
8,2782.36,650
2,19.72,2320
5,278.98,278
1,0.02,920.67
28,1418.7,741.19
28,3189.69,1048.72
18,1422.51,807.63
11,1580.29,819.16
1,0.03,1550
14,1634.13,1133
2,537.32,0
4,2494.52,2387.24
6,226.8,158
25,3079.31,604.67
6,212.81,158
1,0.03,2200
3,625.52,2400
43,5319.98,833
20,1513.58,705.23
11,888.6,934.42
1,0.04,0
35,4330.18,927
12,552.08,807.63
9,304.19,158
49,26390.41,873
8,2220.59,1423.42
5,296.88,158
3,149.99,355
6,1912.06,1345
8,1490,919.16
10,153.81,1043.54
8,7181.37,0
11,1991.99,3116.98
2,72.57,0
27,1625.21,0
5,8195.58,1653.13
14,3419.01,1567
8,257.91,150
2,19.71,0
26,1678.11,969.16
26,2167.29,1178
15,2124.45,1022.18
34,2748.56,0
10,827.57,671.48
25,364.86,158
3,43.11,1045
31,2222.57,1022.18
4,82.87,650
1,0.05,0
15,2291.86,1003
28,4529.6,1306.64
13,1164,871.55
2,19.71,0
8,1596.54,896.03
11,2112.49,1570
17,1880.07,969.12
24,2329.95,849.15
18,2583.46,0
21,23677.36,605.53
7,258.25,150
18,3372.71,1082.88
3,301.26,3000
9,1101,519
24,2032.43,1090
19,7172.27,1255
9,1556.94,1312.04
2,466.08,528.15
59,2329.78,807.63
23,2034.17,849.15
8,372.35,158
6,1690.15,2000
16,1219.31,156.78
10,183,1003.72
8,361.34,807.63
43,2070.08,815.32
9,1438.08,0
6,1036.64,888.37
15,2198.5,807.63
5,4334.29,4945.56
30,4434.95,0
9,307.12,150
14,1670.85,0
11,2957.6,1000
24,743.6,208
37,3660.39,1257.49
12,2057.3,947.6
13,2197.06,986.03
34,13007.87,849
28,520.64,158
2,19.71,726
13,411.93,150
10,2539,3868.2
31,7798.44,158
23,2927.69,1280
13,1845.98,730
1,0.02,807.63
15,2084.24,1917.34
2,321.24,485
1,0.03,5446
9,955.95,1901.35
40,2074.91,878.13
11,1249.47,754.49
33,6598.32,1273.4
19,1774.57,819.16
4,653.45,703
9,1214.91,819.16
5,348.73,180
9,5490.9,2586.34
23,4894.41,1448.43
20,1961.26,800
15,1181.77,608.7
11,2564.5,849.15
24,3180.62,0
40,2476.28,807.63
9,1682.24,674.09
3,10.32,1257.49
20,2116.58,748.02
6,222.31,3980
5,214.66,969.12
34,2252.24,1017
8,4720.35,872.94
15,496.16,728.59
6,284.43,158
5,172.82,158
1,0.02,850
9,1763.86,1410.08
1,0.02,0
18,4388.22,1647.43
9,5709.01,1170
67,3548.91,1019.53
2,20.03,939
1,0.02,803
2,19.73,937.59
2,19.71,1022
25,2479.33,600
5,500.06,905
1,0.02,1400
21,2960.05,819
9,4201.9,0
59,2154.8,800.3
23,7553.89,1298
20,1988.28,767.54
20,3324.92,3245.13
15,1957.37,819.16
8,3.56,1700
23,1703.16,0
2,19.71,3050
23,4640.97,1460.26
22,4066.99,1993
14,2064.38,1289.12
24,1652.73,979
79,13280.64,787.54
1,0.02,0
42,2294.12,969.54
41,3831.75,710.91
4,23003.26,749.97
26,2728.96,1006.71
6,733.6,580.43
41,3646.07,2028.37
4,736.44,658.74
1,0.02,800
4,24.94,2200
5,4801.04,2812
2,19.71,650
63,2079,849.15
12,449.49,150
21,2300.28,969.12
39,21152.14,833.77
11,1597.91,975
4,277.7,0
2,19.71,0
8,1192.77,860.69
32,5131.13,2349.61
3,1489.09,1618
16,3680.99,978.09
54,1553.89,477.38
32,1867.32,158
20,1862.1,750.31
18,1655.58,474.42
16,1821.68,833.77
16,2558.1,807.63
13,2127.94,1730
1,0.01,180
4,231.88,150
6,173.13,1003.72
7,1754.12,849.15
1,0.02,1250
5,309.25,180
1,0.02,100
66,7728.13,795
26,2144.37,1000
2,1179.87,0
22,3801.15,324.9
18,2579.56,850
8,789.31,533
24,13921.1,652
12,1604.13,849.15
6,2764.25,1875
50,7561.4,0
18,710.71,158
23,2208.41,1130
11,1801.21,0
1,0.02,2850
11,165.14,930
29,2350.07,1000.72
12,2757.54,819.16
7,1140.21,807.63
1,0.02,0
25,1355.2,800
18,3293.36,950
17,4419.09,160
8,1086.29,0
12,2122.77,1003.72
7,1552.37,937.59
12,2097.51,731
17,1485.46,1572.57
1,0.02,0
13,40757.14,950
13,22142.05,956.79
5,319.22,807.63
31,981.31,304.03
25,4476.19,803
10,1609.54,700
3,1263.15,890
39,2117.14,833.77
12,1853.87,986.03
1,0.04,2000
36,3905.81,1470.31
20,1804.95,921.77
37,2663,1150
8,262.15,158
4,27.14,700
24,5854.29,1109.77
7,249.81,158
66,7451.72,526.93
10,1796.31,1220
3,590.08,793.26
16,4122.65,1260
26,2769.26,1234.65
13,2375.9,1546.9
2,19.71,150
1,0.31,1823.29
2,1.02,1580
3,20.11,150
2,1.02,819.16
21,1800.55,150
13,1771.62,807.63
3,30000.03,3152
44,8482.97,1403
2,299.7,748.08
9,401.89,1003.43
1,0.01,150
19,997.17,639.01
2,149.05,664
15,2587.49,1123
2,19.72,0
3,92.05,2800
4,259.06,1304.4
2,250.03,1200
4,207.71,1022.18
35,5953.89,1405
15,3241.78,2119
30,5422.18,1377.02
3,76.11,3396
2,1.02,300
2,1.31,2090.33
23,2354.39,1070.62
10,1156.78,517.1
14,2206.25,160
9,5460.49,2150
4,2.1,640.32
1,0.02,1412
29,1462.86,819.16
25,683.87,807.63
4,181.05,210
17,2981.87,1304.4
18,327.89,100
1,0.31,0
2,1.02,354
27,12272.09,833.77
15,397.68,158
13,1201.61,1800
1,0.02,723.45
2,0.04,3150
17,3513.3,819
8,265.91,537.87
25,3451.27,1449
6,218.98,178
3,607.63,1760
6,232.82,150
8,2695.09,727
29,8776.6,1022.18
32,1623.99,819.16
1,0.02,2700
22,44.97,1200
28,14387.91,1699.94
14,2981.88,3108.93
18,2021.88,2386.94
2,1.03,2156
19,2883.15,1800
42,5985.13,1854.76
1,0.02,0
34,18494.81,1022.03
40,3313.02,1268
14,1231.45,725.86
32,790.93,158
15,3835.7,2170.4
25,1659.36,158
24,2381.59,1212
13,1832.37,800
12,685.57,1200
9,307.45,971.35
24,2589.42,860.69
23,2143.68,0
1,0.02,1000
6,2001.44,2730
22,1853.42,954.51
11,1589.37,944.16
28,2246.15,986.03
5,237.54,158
3,561.74,0
14,1215.11,0
17,1173.4,454.66
29,4331.93,833.77
1,0.02,1000
2,50.04,1750
73,7622.74,1400
10,2017.02,653.33
11,1540.05,807.63
12,1903.93,880
24,3442.16,1623.63
3,61.96,632.77
16,1731.15,150
12,2016.54,935
29,1749.22,807.63
10,540.39,708.51
9,9350.4,178
15,1689.67,564.61
9,1166.27,915.88
7,445.12,1000
12,2647.17,860.69
1,0.03,0
15,1063.71,1122
2,0.04,0
12,2689.25,0
2,2.96,3199.89
1,0.02,965.15
9,2051.96,81069
1,0.15,0
7,1133.06,807.63
3,0.07,937.59
24,28034.25,0
25,1874.13,1200
7,757.79,1600
6,313.16,158
11,1943.32,807.63
16,1593.41,819.16
21,1083.91,493.72
28,1786.55,707.16
27,3528.96,807
14,486.59,155
4,799.66,2831.12
2,331.89,2644
4,426.05,194.84
22,5041.15,1018.41
11,1002.76,819.16
3,70.31,0
2,19.71,1990
11,1557.97,740.79
5,201.38,1369.12
6,1670.86,150
33,3227.74,804.63
14,1597.36,874.53
2,1.98,3306
42,1545.89,827.63
5,248.24,158
2,30.82,776.63
16,1209,0
12,2591.42,901.56
19,1586.8,819.16
23,3363.5,1022.18
4,353.28,1043
27,10654.88,1426.81
12,1993.53,986.03
31,2570.37,1090
1,0.4,158
19,1926.15,0
22,1617.01,819.16
2,1.02,150
10,1858.78,732
10,1512.43,819.16
9,795.79,512.2
15,581.9,1640
23,2552.51,849.15
11,2175.65,781.18
3,142.84,1090.62
20,2928.7,1755
11,1844.38,849.15
14,1673.72,1090.62
32,1630.24,2031.87
6,731.88,3039.58
18,1840.72,860
17,2705.69,800
3,977.56,200
11,1166.6,819.16
23,1686.79,819.16
16,1321.36,807
3,166.76,1003.72
7,1112.25,680.55
2,326.85,326
15,55937.17,1304
5,759.19,800
27,4212.39,2027.28
5,355.86,1130.61
1,0.05,1005
18,2866.41,732.49
2,0.04,610.77
12,2270.66,1115
5,299.74,0
23,2130.99,600
34,2999.07,1100
29,1513.18,810
5,602.79,2317
2,0.04,1550
8,951.57,1328.1
16,2842.44,857.69
10,3940.88,1877.25
13,1847.74,703.77
19,19193.49,819.16
4,24.05,920.67
17,1297.73,929.41
13,5572.02,5752.5
19,2466.77,1234.42
18,706.67,1636
2,200.31,0
32,3220.38,1110.61
1,0.01,0
14,2340.53,1280.56
11,2425.03,1270.61
46,2557.53,1270.62
23,5948.8,0
10,1025.64,1127.96
2,19.71,0
14,1797.6,791.71
5,1789.85,3800
4,179.84,1200
3,1821.81,1686.87
7,454.99,754.63
6,292.67,150
15,2211.73,907.56
8,630.63,400
8,1146.55,750
36,7086.02,3317.82
23,3205.84,807.63
18,2386.13,969.12
2,200.4,400
7,1446.05,1200
6,1087.82,624.05
17,2155,1090.62
29,1906.39,1221.31
2,0.04,1209.58
3,44.05,1003
10,357.17,158
36,2395.76,1130
22,1952.75,821
1,0.14,0
11,1644.48,807.63
19,1606.88,150
7,589.4,725.88
16,3898,595.13
5,2352.04,3220
1,0.02,354
1,0.02,1000
18,3230.29,1251.27
27,1453.14,861
4,979.7,1935
1,0.02,1570
1,0.12,1410.64
22,3224.45,1100
23,1890.59,2459.49
13,1913.11,874.53
2,171.55,1973.3
1,0.02,0
14,1529.27,849.15
12,13323.17,2537.52
10,1108.14,2520
9,564.84,325.58
148,4640.9,1375
8,2080.75,979
3,3353.61,2000
7,1286.03,815.32
1,0.02,1038.19
1,0.62,540
28,4379.07,656.67
16,2481.02,1212.53
15,379.46,150
7,265.41,1053.48
2,1.02,50
1,0.03,833
1,0.02,1200
15,1895.02,849.15
28,4624.08,1576.64
7,1250.3,867.76
3,90.47,0
3,2.06,2593.07
13,1062.41,800
8,600.17,1782.04
45,3520.97,1834.01
11,235.3,1120
16,2076.62,1113.43
22,3906.87,5000
18,2703.65,1003.72
2,20.06,699.75
27,1689.82,657.39
9,381.92,330
8,5996.9,804.16
18,4054.61,833.77
2,1.02,70
5,1669.79,736.16
1,0.15,754.98
17,5134.3,693.43
7,528.89,1301
2,0.02,150
7,210.16,443.3
22,3267.57,1234.42
9,1386.92,799.85
2,19.76,0
15,888.94,544.64
9,695.08,904.4
1,0.02,2000
13,2663,1022.08
21,1157.87,583.45
10,1239.8,1436.78
2,100.31,0
1,0.02,0
2,1.93,900
12,1285.28,738.2
12,340.32,150
1,0.03,3920
29,15243.72,560.86
9,303.75,0
14,933,158
9,892,895
21,2176.66,842.52
12,1599.82,807.63
11,1946.03,1022.18
6,836.23,2100
21,3433.58,819.16
21,2245.71,0
11,1888.63,748
3,371.35,1504.73
32,4463.74,150
18,2895.36,0
20,3198.75,912.65
11,2175.69,819
27,2131.75,1062
9,268.51,158
6,496.82,331.46
2,19.71,0
1,0.02,150
21,2006.86,860.69
1,0.03,0
5,1513.6,904
6,248.48,198
15,5876.06,1334.42
7,604.21,1234.42
2,2.15,779.75
1,0.02,306
1,0.03,2300
30,1756.63,817.16
1,0.03,0
1,0.02,1700
22,2171.5,849.15
40,1168.33,1698.3
13,1853.86,954
42,1935.38,874.53
5,180.4,614.25
1,0.02,3000
6,265.53,158
26,1548.3,819.16
13,1517.69,258
25,1899.58,986.03
53,3742.66,963
33,6196.3,2023.59
17,1921.16,1488.37
9,2724.87,1214.43
8,2628.71,0
9,1217.23,766.44
1,0.02,976.55
7,1831.19,937.59
11,5341.76,150
4,404.64,4500
14,21219.47,1022.18
7,112.46,1419.37
3,820.58,1533.38
14,2316.3,800
5,312.39,644
21,2138.61,807.63
9,303.53,150
6,1410.58,158
1,0.02,150
2,195.2,2700
2,1.57,1200
1,0.02,340
9,406.15,1068.14
1,0.02,3188
16,1921.52,937.59
6,1081.25,0
22,2132.31,1297.45
9,286.68,180
2,1.04,1050
16,3184.1,830.77
13,2231.99,685.84
2,19.71,0
20,1228.14,577.59
29,3614.5,1013.61
9,260.4,180
16,1734.95,819.16
19,2692.36,962.65
12,8885.52,1405.02
2,0.05,451.82
1,0.02,2051.76
19,2102.19,860.69
20,1794.76,833.77
23,3120.98,1280
23,2222.07,1234.42
32,1740.95,819.16
4,305.34,756.65
29,2662.35,900
14,1462.43,686
17,1682.13,836
20,1792.81,1234
16,2176.8,1018
1,0.02,0
25,1922.88,819.16
8,6453.07,959.38
6,1048.87,907.3
5,272.24,1080
49,16943.48,2265
2,120.03,0
10,6506.39,1115.31
1,0.06,2499
12,3468.14,937
32,2887.51,874.53
19,9189.35,700.72
4,757.28,426
29,4249.29,1491.75
1,0.01,815
73,2941.34,1077
29,2257.97,0
26,2155.12,553.24
12,10393.55,1337.59
3,157.82,150
22,2061.57,890
44,3655.04,427.45
19,1687.76,849.15
28,1592.03,688.69
2,19.71,0
10,1556.39,816
2,95.41,641.04
27,1539.4,800
15,1434.68,819.16
50,3815.78,1703.89
13,324.77,1003.72
28,1669.54,1910
2,19.71,969
12,3986.01,1003.12
34,2319.92,920.67
3,292.84,1583
19,3395.08,1757.73
6,203.18,150
14,860.14,540.77
2,19.71,1000
4,1025.54,1300
18,8482.13,1696.87
30,2043.82,1003.72
2,245.06,3048
2,19.71,920
3,22.01,3100
4,224.05,150
11,1651.37,975.17
2,0.04,1022
3,742.75,295
1,0.13,1900
26,811.4,158
21,3689.16,954.51
7,275.25,1800
39,4544.7,0
32,3428.33,807.63
18,2944.16,158
23,5060.11,2641
14,2263.42,1050
2,19.71,0
53,4089.46,954.51
8,1835.37,1683.5
25,2252.58,1003.72
3,2901.56,1700
4,707.85,1000
1,0.02,515.66
14,1589.94,1812
24,1577.65,160
7,182.1,575.89
2,273.2,0
1,0.03,1700
9,1384.53,1844.63
1,0.02,900
27,31155.08,860.69
17,3680.8,1781.52
15,1436.94,1816.29
20,6431.21,1962.79
1,0.02,9587
2,0.04,626
4,524.63,937.59
3,201.15,500
15,514.83,1600
10,1383.7,467
5,927.55,156
17,3781.39,1441
25,5022.38,1300
35,5623.46,947.24
29,2189.68,1003.72
4,747.27,1320.8
6,278.24,158
12,5386.81,590.56
18,2273.08,1003.72
2,19.71,0
17,310.49,150
11,4653.06,3000
2,19.71,0
2,1.41,1885
10,1629.69,1110.61
5,99.98,0
2,19.71,0
14,1906.95,880
5,320.73,1837.8
8,976.1,578.42
16,1511,0
11,1668.12,1664.92
5,226.28,323.5
25,1838.81,800.43
52,22322.81,819.16
1,0.01,1309
1,0.02,250
12,4497.33,1469.91
24,1247.57,807.63
16,1320.28,830.58
5,883.14,1464
12,1073.01,0
4,238.86,831.03
4,1338.26,820
20,2929.77,1703.72
26,8013.58,969
8,243.3,158
37,1878.85,807
9,385.03,807
9,1521.24,160
1,0.02,339
18,1714.37,860.69
7,216.57,158
7,1669.64,934.59
10,24534.24,1780.84
20,3419.47,1527.83
12,2311.53,970
19,1833.88,937.59
1,0.03,0
3,10.08,1150.97
24,1941.32,833.77
4,448.67,3870
32,3518.11,904
9,283.03,280
10,1590.36,819.16
14,3356.08,1086.88
15,292.46,180
2,1.02,158
12,3133.6,1186.49
16,2133.37,1184.87
7,248.53,158
1,0.02,0
1,0.02,550
11,472.3,650
11,343.88,380
8,203.76,830
11,2898.95,3980
1,0.02,0
1,2.48,0
5,1625.28,900
14,2007.39,937.59
2,176.02,1800
8,1207.19,1734
14,1710.53,860.69
8,8881.94,819.16
2,0.37,160
2,19.89,2765
12,1890.56,1410
10,5456.53,1180
4,21.4,3780
33,2797.09,809.72
21,1614.9,824.53
18,11670.64,1913.51
15,402.8,804.25
20,2776.26,1624.58
15,558.07,155
1,0.02,337
23,929.7,1070
22,1733.8,819.16
28,1694.28,724.62
6,226.32,800
16,1729.51,150
55,5257.24,2180
13,1555.75,1013
12,1756.05,986.03
1,0.02,0
31,5562.4,693.75
3,25.74,874.78
51,10039.63,150
10,1734.45,1070
16,2264.77,1257.49
6,331.45,807.63
9,1180.47,819.16
1,0.02,150
11,1106.46,1111.29
6,249.91,158
16,1724.73,849.15
6,3029.34,302.24
20,7895.69,720.72
1,0.02,1200
6,274.2,150
3,157.8,158
20,4340.36,807.63
7,1206.17,2453.9
2,19.72,0
22,3109.85,888.37
7,286.88,168
1,0.02,400
21,1085.89,819.16
2,179.16,2090
2,0.01,0
3,0.3,0
5,1730.65,800
9,531.12,1200
19,1723.57,888.37
1,0.02,4900
30,2874.3,937.59
2,80.72,405.21
11,1409.42,565.29
28,2187.42,1110.61
3,569.97,845
11,1239.63,850.99
8,322.54,180
10,1773.01,1548.91
1,0.02,100
28,7532.18,848.15
31,3081.05,819.16
4,190517.8,5068
1,0.02,800
37,4024.42,1263.36
45,3681.19,1422.04
1,0.02,560
12,1418.78,818.61
8,4371.48,0
9,1159.3,1022
13,2443.9,937
23,11130.34,1930
5,1739.03,1996
24,2069.2,860
18,2082.99,1392
37,1932,1039.06
1,0.02,470
9,4545.45,0
18,2613.96,2186.03
8,637.99,1370.5
23,1816.11,701.64
4,12301.26,507.44
5,237.95,150
3,190.56,0
8,252.71,158
6,261.88,1687.59
2,175.5,1057
6,180.62,5277.79
1,0.01,220
10,1109.99,2000
14,1666.54,819.16
3,1.37,2750
1,0.03,0
7,603.6,1400
8,283.61,150
4,221.15,980
5,6261.49,0
19,430.3,158
4,3893.1,557.17
2,19.71,0
18,2302.21,1239.93
28,2220.74,1022.18
21,10970.45,819
1,0.02,2800
2,20.43,4008
2,0.04,2530
19,2153.65,860.69
33,3400.43,1090.62
1,3.1,851.52
13,4904.52,3556.67
25,2281.88,742.98
30,3608.99,833.77
2,1.02,2918
1,0.02,1500
35,12783.45,1055
20,2922.34,713.76
3,1501.28,723.45
1,0.02,1600
5,23.47,969.12
29,5598.6,937.59
8,1327.32,807.63
22,2562.53,1050
11,399.78,155
1,0.02,840
11,1148.9,408.7
7,359.57,1225.8
8,1411.8,510
11,1433.23,622
1,0.02,807.63
2,20,0
39,1012.55,158
2,441.01,0
6,306.88,158
2,19.71,969.12
9,2274.85,1500
4,3750.06,1459
2,437.81,4995.11
37,6708.82,870
11,369.22,150
12,1980.38,1435
8,448.69,156
1,0.02,70
6,1187.4,818.55
9,974.64,1400
9,2742.08,1532
16,6317.14,819
17,1557.58,819.16
8,245.9,150
4,7901.32,7065.68
13,2135.89,1022
39,6482.15,2404.91
8,310.19,150
7,124.93,2100
19,2639.79,1482.04
5,202.87,1077.27
24,2262.33,807.63
13,917.4,800
26,2495.91,160
48,2381.71,1234
41,2316.58,833.77
5,788.48,1130.61
5,809.96,819
22,3107.23,986.03
26,5460.28,877.86
10,447.09,336.59
8,3247.19,158
25,2795.68,2044.36
8,847.81,342.15
29,2391.45,2369.12
7,237.61,0
2,19.71,1000
2,19.71,1569.12
2,220.11,2900
4,1413.29,486
23,2154.32,1090.62
5,196.03,707.09
2,0.09,300
21,1218.56,653.53
17,1902.47,833.77
25,2331.91,1090
10,143.9,0
11,2718.97,1130.61
4,801.59,575
14,1738.34,919.12
18,2739.24,860.69
19,4637.41,1990.82
5,307.85,150
28,5363.22,1100
1,0.45,0
9,251.68,1089
2,404.3,2133
29,5275.88,1400
7,248.19,198
14,1897.33,986.03
13,1595.75,962.5
36,2854.38,761.72
11,1540.99,852.66
8,566.58,158
18,2785.96,700
1,0.02,1461.19
5,180.35,1240
5,3172.98,158
11,1586.28,847.29
4,313.8,150
10,5379.66,945
40,4919.05,849.15
25,1301.37,669.38
24,1582.56,689.87
9,551.77,1245.65
11,6820.69,1273
27,1812.68,819.16
1,0.02,280
13,1690.12,986.03
28,5366.6,870
3,164.03,950
7,1172.57,819
66,4654.8,1430.97
6,2030.91,1886
9,2747.94,2800
29,4801.68,1022.18
13,1093.22,634.65
9,1639.11,800
1,0.02,300
45,2659.58,267
1,0.02,589.94
21,4037.58,819.16
2,0.04,1617.85
2,1.05,0
12,1471.35,1301.36
22,5552.57,870
2,19.72,849.15
4,20.64,2120
9,2259.56,1896.71
10,1283.64,874.53
5,209.87,986.03
21,1828.49,0
27,2318.94,849.15
18,3032.23,3321.67
29,10876.51,849.15
2,200.31,0
5,76.07,800
7,842.03,1582
2,0.04,704.73
1,0.02,1116.41
3,1225.61,0
11,1596.29,0
13,1868.95,807
8,5530.78,2500
4,659.51,2101
26,3212.1,1369
1,0.02,2085
19,13264.06,3250
19,1658.42,860.69
10,1591.53,807.63
19,3782.47,1969.88
5,3523.03,1470.77
14,2191.32,1078.21
5,481.28,0
13,309.7,150
2,19.71,150
20,2481.26,1619.14
28,2863.85,1096
18,1959.68,849.15
28,1833.33,1450
5,321.46,0
1,0.03,1550
17,9039.36,1228
14,1522,840
13,4312.48,833.77
5,1123.5,2622
28,1628.03,156.87
1,0.03,3063.31
41,8353.78,1436.8
21,2219.37,926.9
22,1416.26,673
8,249.18,807.63
10,6564.26,677.28
3,21.59,2040
17,4108.94,800
2,1.87,0
63,3309.74,1170
4,90.02,937.59
7,1517.33,856.67
1,10.85,930
3,20.65,921
5,138.23,0
6,135.33,0
12,1575.65,743.57
29,2638.06,1090.62
17,4096.4,1274.81
13,4658.52,1381
1,0.02,3642.52
1,0.03,2900
11,2459.42,650
7,1590.13,1430.63
17,14094.31,158
5,2377.11,4083
9,1875.54,0
15,3012.28,3400
22,2861.21,1100
20,1658.94,849.15
1,0.02,0
2,0.04,830
30,1981.06,706.45
2,141.28,954
24,4637.54,1178
20,5464.45,2264.07
13,299.61,150
14,1677.55,150
5,234.44,150
1,0.02,1170
32,34022,712.36
1,0.02,5500
14,3784.77,3272.02
26,26854.11,1436
5,418.94,320.8
2,19.71,0
24,4725.51,819
33,8253.64,860.69
21,2089.75,833.77
14,2994.92,2160.42
6,239.93,178
15,3515.96,819.16
17,1692.89,1506.12
19,3113.96,1003.72
8,299.38,158
30,4404.21,860
5,41.14,600
23,2235.98,986.03
13,32050.92,1592.73
8,514.41,1100
1,0.02,414.41
24,2319.17,1257.49
14,2047.62,2241.99
11,614.29,950.99
8,1078.46,1219.58
37,3105.85,1130.61
2,19.72,0
15,2169.26,1202.18
4,3301.51,1940
8,308.62,150
8,2012.81,1753.56
1,0.03,0
20,514.73,807.63
1,0.02,1000
1,0.02,803.79
10,10273.11,2840.14
1,0.02,0
15,1568.39,937.59
5,170.44,1200
32,6041.98,904.52
12,1519.59,792.1
7,656.41,310
25,2287.36,794.73
1,0.03,2672
19,1993.85,807.63
16,1824.19,806.03
3,51.06,850
47,3670.22,1022.18
13,3585.96,1280
1,0.02,396
14,2123.23,1020.58
43,1538.89,819.16
13,1595.23,1543
7,135.45,900
18,2222.61,1211.43
28,458.88,900
2,19.71,860.69
10,1372.3,708.33
6,951.29,469.06
13,2731.16,1090
1,1.86,0
1,0.02,850
1,0.02,1000
6,1127.96,890
23,1755.36,680
18,4269.14,1628
10,845.36,158
1,0.02,1930
1,0.02,140
30,7384.48,13740
9,475.76,180
35,3410.51,1003.72
52,7762.73,830.77
13,520.36,1003
13,1505.85,807.63
27,2336.99,849.15
24,6191.53,833.77
21,2880.76,158
4,6559.3,2396.83
10,1771.57,1037.49
34,3097.4,1473.24
20,2614.96,1130.61
37,950.5,156.78
8,2806.69,0
14,2383.3,1382.4
2,0.04,544
12,1867.09,819.16
4,178.99,228
2,69.74,969
17,2157.74,1150
55,2886.8,954.51
10,1876.42,955.39
9,151.12,670
14,1623.62,1003.72
17,2139.23,861.63
4,136.97,700
17,1838.84,807.63
31,2711.73,1234.42
7,966.34,434
15,2017.39,937
2,464.84,0
2,362.21,388.46
20,5432.28,1896.67
25,2264.89,600
1,0.02,0
2,6.22,857.53
2,1.31,1393.96
2,19.71,150
27,4701.15,833.77
1,0.03,1900
12,2789.05,540.84
9,1589.25,807.63
25,1715.47,833.77
3,367.14,986.03
11,1845.49,0
2,173.34,4167.5
1,0.02,765
18,815.42,441.56
1,0.03,4093.33
12,1754.05,849.16
2,19.71,1650
26,4546.25,937.59
23,2018.83,831.77
15,3767.21,819.16
2,0.04,717.07
56,3970.62,849.15
31,3681.07,3700
10,1779.29,860.69
37,1395.56,692.25
19,2288.78,1022.18
11,2006.15,986.03
10,1585.56,505.89
32,1798.81,807.63
44,1883.5,833
26,3407.93,2070
6,487.05,1220
4,195.72,877.6
35,18119.32,849.15
5,297.81,158
2,169.08,5000
4,204.67,950
46,2587.83,953.51
12,1212.75,158
8,1311.27,697.72
8,1093.89,870.69
8,1247.97,819.16
7,299.24,150
6,461.91,0
2,1000.84,835
1,0.02,260
4,43.11,1511
1,0.02,1430
6,7468.56,467.3
7,476.85,1513
3,1665.08,0
13,2180.05,1822.43
19,1977.14,986.03
3,2649.32,1009
1,0.02,0
8,236.98,158
5,219.71,807.63
5,1756.14,800
16,2108.7,650.55
16,1760.7,807.63
9,1368.36,770.91
35,2366.19,1022.18
6,497.57,1309.31
23,2602.62,1010.06
1,0.26,1154
1,0.02,1054
2,19.71,1600
34,21631.86,819.16
5,2249.53,2115.21
23,34.09,2800
32,14135.05,1174.53
25,2290.13,1254.62
4,237.15,725
8,330.86,1844.53
19,1557.91,720.6
19,1459.89,819.16
1,0.03,1350
18,2054.72,833.77
12,1542.72,789.61
2,19.71,0
6,637.43,1190.37
1,0.02,2600
36,2230.74,607.94
1,0.02,1180
12,2004.96,850
2,19.73,940
20,3895.44,849.15
13,17070.92,1122.44
11,1908.41,969.12
22,2011.93,1241
30,2850.45,1022.18
17,2317.76,1200
24,8438.68,0
8,402.82,158
25,2141.52,874.53
16,1619.52,819.16
8,5182.09,120
1,0.02,610
1,0.02,1364
35,5600.31,150
8,1213.62,867.72
14,1030.24,900
8,545.13,550.84
26,2764.65,672.54
21,2332.13,10815.3
14,1890.24,860.69
7,106.67,3240
7,11581.55,12344.44
9,710.54,483
61,11272.33,860.34
3,1538.65,5298
16,2365.42,1528.24
26,517.88,150
6,52447.37,1110.61
13,1362.33,712.34
5,1383.67,1695
1,0.02,0
1,0.01,870.31
28,1871.11,807.63
1,0.11,0
14,1753.06,800
10,546.2,807.63
29,2249.32,920.67
5,808.32,920
27,1766.8,833.77
16,1912.6,150
2,551.6,1360
6,424.47,566
14,1591.2,819.16
19,1287.9,729.41
32,1965.02,885.71
4,424.56,2000
2,101.55,340
38,5243.79,0
14,1818.9,2135
11,348.86,158
49,3121.78,1022.18
13,2153.88,1216.58
12,1863.5,888
5,114.77,0
35,2815.97,789.29
5,515.81,670
3,780.3,2500
14,1533.2,632.93
24,2284.97,1212.64
28,1863.32,807.63
1,0.02,3200
1,0.02,160
23,4145.53,1119.12
11,1925.58,1119.12
11,558.25,150
7,438.32,937.59
11,1254.57,1370
2,19.71,1070.62
2,19.71,150
17,495.46,180
7,355.51,1022.18
24,4254.56,718.18
1,0.02,970
3,553.58,379.01
2,353.76,845
10,133.78,150
4,16019.71,807.37
2,1.41,150
73,38438.38,1926.72
13,7114.84,738.41
5,257.98,1003.72
2,19.71,696.38
19,8282.1,882.92
15,2018.75,920.67
1,0.03,0
5,706.07,960
4,43.12,600
10,1415.28,819.16
3,1503.01,916.23
1,0.02,3040
35,5848.53,860.69
6,288.35,1143
14,1697.39,849
28,2278.32,1167.87
3,342.69,278
27,1870.99,1580.69
13,2653.16,708.81
1,0.02,1480
31,2506.95,497.56
17,1628.77,819.16
25,2692.36,160
3,29.8,0
2,19.71,0
29,4440.89,1694
2,0.04,1020
11,1771.03,0
12,1710.18,813.87
2,1.39,0
22,8830.96,750
13,614.54,100
7,1317.05,888.37
1,0.02,1600
11,1850.43,937.59
34,10124.93,1210.29
6,577.48,1982
18,2117.85,721.19
15,1691.16,837.63
16,2050.73,933.15
29,2838.04,1700
33,4924.09,860.69
1,0.02,1400
6,425.22,600
15,381.06,1492
1,0.03,669.78
16,1865.87,833.77
28,2747.4,807.63
40,2809.94,849.15
29,2412.02,1139
1,0.02,100
8,1379.33,819
8,1327.11,1946.24
12,48262.23,2077.12
17,4246.56,2666.52
56,4165.39,598.04
2,0.04,103070
10,16740.62,1335
11,1959.12,1090.62
60,2665.96,849
5,1036.28,709.03
10,917.54,634.06
9,2614.75,1589.01
5,938.09,535.45
2,19.71,0
13,2231.12,948
8,1684.27,1111.28
17,2025.67,954.51
10,1171.54,819.16
2,171.56,0
1,0.02,0
22,4216.76,0
65,2254.76,819.16
1,0.02,1150
26,3884.85,874
34,1751.55,1002.57
43,4488.51,913.2
16,1222.12,547.73
1,0.01,820
14,1715.71,917.06
16,1908.82,736.15
16,3093.1,1620
21,2129.85,733.8
22,2586.82,807.63
5,250.71,150
2,1.02,100
11,28246.82,1567.1
9,1434.19,860.69
2,19.71,150
17,2732.59,1285.6
33,3738.51,1161.96
26,3596.97,1949.59
22,25811.41,1289
27,2377.81,761.7
19,1207.2,2090
20,2026.86,0
5,1009.23,10000
1,0.02,0
2,19.71,150
7,187.04,649
17,2779.99,1028.95
11,2410.84,1600
37,5000.25,1234.42
4,120019.71,0
12,3354.02,0
4,161.43,870
15,2506.42,1003.72
18,4101.96,1032
2,0.04,1522
7,1344.38,1024.36
20,1674.08,849.15
10,5711.16,150
11,1841.71,1022.18
10,768.84,760
20,2988.07,832.56
1,0.02,850
18,2602.2,3542
6,1100.91,0
15,1614.05,1840
51,1647.62,807.63
2,0.08,703
13,2022.74,937.59
16,1696.72,874.48
20,3446.39,807.63
4,268.09,590
22,535.76,568.87
17,32338.67,919.38
4,72.89,0
23,3616.05,807.63
3,358.87,559.06
36,2318.95,856.84
11,2129.38,1125.63
10,1414.56,2418.47
5,1230.43,649.04
25,2113.05,150
3,764.37,1400
35,1083.16,1373.66
6,241.5,158
94,7284.21,1481.62
13,1528.88,632.68
17,6048.33,7700
56,7791.02,2451.01
12,1883.59,954.51
42,3704.67,669.27
14,24648.19,340
12,936.74,1100
5,2.07,900
2,19.71,954.51
12,1888.22,951.13
17,1767.34,1492.93
36,1614.65,1003.63
25,2026,863.66
32,3196.6,750
7,742.56,937.59
35,1976.51,666.08
14,1521.33,1100
47,1759.63,732
2,19.71,1075
5,176.92,1200
3,802.7,4280
3,50.14,1332.34
11,1671.44,807.63
5,193.48,1200
25,337.09,168
7,1276.8,700
16,11031.7,564.88
6,794.75,3400
19,1589.1,870.67
14,1497.2,819.16
2,29.16,5850
22,983.33,904.48
29,2270.71,865.3
10,1984.33,1050
10,50391.11,1470
17,2055.98,757.51
14,2691.52,1366.03
20,1955.7,954
17,1490.89,833.77
2,20,761
66,3806.19,819.16
17,1435.83,804.63
18,4034.74,1234.42
7,439.57,200
26,2855.77,964.25
15,2117.79,0
39,2407.91,1200
39,31223.71,1477
32,76578.84,1986.63
19,1479.42,807.63
29,3073.24,937.59
16,1858.97,833.77
22,11998.86,849.15
4,1842.6,792.05
3,351.46,2000
55,3630.37,1186.85
16,4309.38,860.69
23,1860.97,730.28
38,1559.66,937.59
22,3114.86,2574.72
108,10438.11,2946.53
13,1350.13,686.02
11,1957.29,860.69
14,548.16,807.63
21,2269.47,874.53
37,2973.62,722.97
8,187.93,888
37,11787.84,825
38,1731.41,860.69
34,7017.29,812
19,2634.29,819.16
44,1552.66,806.55
19,1704.62,849.15
13,3980.11,1635.74
2,24.75,1022
8,3352.75,1005.05
15,623.13,807.63
4,92.11,0
16,2044.46,1022.18
15,2241.45,1303.72
10,1194.98,800
2,1.02,2500
23,1655.26,879.14
20,1541.63,702.87
7,1440.46,819
5,46.86,0
27,7515.41,672.92
1,0.02,5600
6,756.96,596.75
13,320.33,2400
2,19.72,0
7,1549.19,0
1,0.02,800
21,3951.12,1003.72
1,0.46,0
15,1969.86,849.15
15,3099.15,1994.84
6,1415.44,1140
15,6508.93,2811.5
3,3.45,0
38,1876.77,886.88
3,21.88,1003.72
4,100.35,1003.72
32,5006.75,1465.66
12,1998.01,588.9
1,0.02,0
24,6050.31,1080.35
1,0.02,1450
8,1500.17,819.16
21,2572.64,1083.79
14,1530.64,1400
28,2454.26,969.12
6,1529.3,929
24,1811.25,770.51
7,1910.07,874.53
4,890.98,445.02
1,0.02,833.77
41,2775.29,1319.75
2,1.03,800
25,3859.59,1040
26,1726.17,198
6,2082.02,0
23,2617.52,1040
11,1523.69,819.16
3,96.53,800
23,2107.67,969.12
7,805.93,1513.11
19,2235.69,920.67
41,5907.24,1300
32,2842.59,466.83
18,2025.37,874.53
15,250.63,150
3,669.89,1498.97
2,19.71,150
21,1907.18,819.16
14,748.82,523.26
16,1681.36,987.84
1,0.31,1903.84
28,2324.88,819.16
2,19.71,0
13,1542.23,160
12,1538.74,670.22
36,3414.29,937.59
32,1520.03,2800
22,1467.03,819.16
7,121.55,948.91
34,3223.67,1650.63
34,750.53,627.62
18,2068.03,1363.14
8,379.85,150
8,1619.92,807.63
13,3279.24,158
2,10.62,919
18,1488.1,807.63
1,0.02,1456
5,1390.04,703.33
35,2572.63,926.63
1,0.02,3440
20,11966.27,687.53
6,2344.44,1277
13,639.35,327.84
22,2739.6,969.12
4,141.7,1700
19,1661.08,864
4,973.54,1203.21
2,19.71,0
16,676.69,954.51
4,284.47,0
11,1809.7,1090
11,3754.81,1623.54
7,201.46,1374.66
40,1930.23,1100
1,0.62,2327.73
17,2482.97,0
31,3180.7,819.16
4,2.64,3300
4,203.43,1009.61
34,3736.38,819.16
29,2553.04,937.59
25,52855.51,1050
6,143.23,0
12,2523.8,860
19,1956.75,937.59
17,1695.76,849.15
37,1745.9,849.15
27,2305.21,833.77
11,239.61,150
48,11523.97,807.63
13,2938.12,1103.95
6,258.53,258
19,2093.48,849.15
41,9695.36,642.4
29,7591.7,2086
20,2047.06,888
56,6808.07,2900
18,2259.29,1090
25,1240.44,650
1,0.02,380
9,471.69,1384
1,0.02,900
12,456.02,964.25
2,20.08,6166
26,4600.06,1628.76
41,7256.04,849.15
15,3388.32,0
14,2736.26,0
23,1621.94,160
11,2010.68,680
13,1340.34,150
11,2074.74,1200
15,1878.19,150
14,356.78,0
11,1025.81,0
3,201.06,1500
7,193.69,807.53
3,178.63,178
11,745.4,0
4,789.38,2200
1,0.02,250
6,1465.05,426.25
3,254.88,1380
16,450.94,318
1,0.31,450
23,2144.54,721.53
16,1305.76,929
20,1641.16,687.53
12,3803.84,986.03
6,290.27,180
15,1529.46,769.85
10,749.13,158
7,2254.26,996.19
1,0.03,0
25,359.34,178
10,514.51,1153
23,2251.71,954.51
12,1904.23,864
60,17171.03,1630.57
40,3837.93,954.51
1,0.31,600
10,1753.8,1099.72
10,2312.13,905.62
19,1657.9,2569
21,2644.76,819.16
33,1717.51,860.69
13,2446.6,1169
50,2610.33,819.16
2,318.42,315
22,1227.75,456
25,2919.27,2580
15,1866.37,819.16
2,19.71,150
49,8338.92,2295.52
1,0.02,1289
9,2239.15,3787.37
16,1769.04,150
2,307.86,303.16
28,2620.58,0
21,5439.77,860.69
6,1162.56,2094
11,1928.5,834.71
2,19.71,350
13,2253.36,160
17,5643.72,860.69
11,2337.46,1303.95
3,2824.26,945.06
8,8604.8,1783.22
1,0.02,1106
12,2260.33,0
23,4423.97,973.56
9,1384.31,1300
31,566.82,258
3,158.09,158
2,0.04,600
12,2326.91,798.93
6,295.19,150
8,2174.38,1867.5
16,4022.02,1125.01
1,0.02,0
20,1896.44,1003.72
1,0.05,1750
6,962.34,690
2,280.42,0
11,367.72,150
19,3347.96,1022.18
1,0.02,1036000
9,452.79,980.52
20,2086.14,800
18,1286.52,657.97
8,259.93,150
1,0.02,0
18,2487.29,1420
18,20736.88,1035.5
9,1251.46,1200
1,0.02,400
1,0.02,1000
2,19.71,0
8,253.51,150
30,1707.23,2723
42,8030.33,1546.95
1,0.02,440
1,0.02,1160
3,124.79,930
8,524.77,1403.43
3,476.36,739.27
4,181.11,178
29,1961.1,819.16
9,1612.4,1417
10,289.97,150
10,433.51,158
15,11218.23,2009.37
1,0.02,3538.27
5,4656.42,1465.1
25,2035.06,986.03
1,0.02,1200
25,4950.66,860.69
8,1578.75,158
10,946.46,960
25,1802.88,986.03
21,1534.29,819.16
18,3095.07,769.05
28,5597.82,653.73
6,282.17,150
16,1642.99,888.08
11,1143.86,1108.61
14,1479.52,1183.35
1,0.05,660
22,20674.07,924.69
1,0.02,0
25,1974.43,874.53
19,3700.02,807.63
21,2224.59,954.51
3,800.08,366
10,1291.31,807
18,1990.13,1322.18
35,4208.64,819.16
10,166303.85,3715.11
12,3160.98,1994
2,10002.8,618
19,1970.13,849.15
6,255.94,894.83
6,293.96,0
52,16709.75,1521
13,3097.36,1022.18
20,1640.68,886.01
22,2394.61,683
10,1632.59,1270
7,162.35,158
1,0.02,1337
28,1651.8,1150
1,0.03,0
6,955.64,538.25
2,19.71,0
41,4108.98,1941.7
8,279.51,800
15,367.03,158
16,567.89,986.03
18,3445.27,1250
21,1473.12,819.16
5,77.51,1480
34,3412.79,1133.97
37,3258.08,1340.08
2,19.71,100
6,16507.44,2750
16,1692.98,920.67
6,175.52,475.67
9,4075.54,553.17
22,2714.19,1690.67
17,3526.5,1172
16,3554.28,819.16
6,1250.14,699.37
22,3927.3,757.66
7,279.31,150
5,608.93,544.81
2,19.75,764.62
8,265.4,920.67
42,1941.58,720
19,3625.7,807.63
4,42.87,0
2,235.35,261.22
19,2098.98,1153.86
3,221.32,1646.47
25,2478.49,937.59
1,0.02,500
5,42.85,1544.33
14,684.95,800
7,2756.81,1400
20,1843.63,1044.79
1,0.31,360
1,0.02,1018.31
15,3597.93,1098.79
31,2075.73,937.59
4,422.65,561
7,1181.14,929.41
3,43.11,620
29,3913.82,833
15,1884.57,809.63
60,9244.44,2460
3,178.62,178
21,1227.42,815.32
18,2341.28,807.63
13,788.91,658.35
14,1940.8,1003.72
1,0.02,0
3,52.21,0
10,2436.07,1367.07
15,3172.98,1100
9,2030.76,1022.18
1,0.02,0
5,1664.45,1482.04
32,2085.84,883.72
34,98942.67,768.9
20,2233.22,807.63
2,562.84,0
17,1839.43,0
38,6077.37,150
9,1467.29,776.7
44,4606.23,120
26,4382.06,150
25,5628.48,6400
38,2265.04,701.77
5,170.56,150
5,1361.83,1310.02
1,0.02,0
18,1790.14,870
33,7786.12,860.69
1,0.02,1400
32,4258.71,1945.91
1,0.31,875
20,4213.28,1634.04
45,4510.4,860.69
22,4086.56,150
15,1534.15,819.16
36,36498.23,1471.4
1,0.02,2400
22,1506.68,819.16
25,3644.5,500
19,2556.18,1214.43
23,2227.34,1465.95
31,672.54,463.41
14,433.23,178
5,408.88,450
10,5398.91,1602
8,909.43,1468.06
35,3577.39,1514.73
7,238.28,1908.34
42,1916.02,828.93
29,2426.07,969.12
1,0.01,0
18,8536.92,864.76
10,344.09,807.63
25,1536.16,811.47
38,2972.87,1003.72
5,338.29,1616.12
28,2462.66,598
2,5000.96,1100
65,15962.77,1400.68
4,70.07,937
2,19.72,0
20,2660.56,937.59
43,3545.67,900
5,1385.53,860.69
5,1206.04,700
4,158.16,150
4,18062.05,859
39,7056.91,941.85
8,1287.76,819.16
1,0.06,0
1,0.02,3900
5,11.73,2700
8,1575.29,735.52
12,1987.05,560
1,0.03,0
2,24.77,2250
19,7542.61,819
8,1565.6,919.16
9,390.37,0
10,2591.99,759.91
2,0.04,0
30,5879.06,208
11,1972.13,5278.91
25,1402.88,0
3,0.56,1734
19,2047.49,0
2,19.71,0
20,3741.26,849.15
13,2206.76,1040.36
5,176.63,1178.99
4,2869.31,750
12,1831.65,968.44
3,129.82,782.38
2,1.02,366
29,2777.3,1280
11,3993.52,1958.1
20,2189.95,758.15
4,52806.76,3210.41
1,0.02,723.45
30,1494.49,833.77
63,5039.64,2120.33
4,44.09,0
2,19.71,0
7,2241.85,1600
39,4713.8,990
32,7303.13,1076.63
5,508.06,490
18,2234.03,849
2,19.71,0
5,4070.09,1939.93
20,2830.67,1022.18
5,390.52,1482.04
18,1709.44,441.71
1,4.96,2284
10,2159.71,1514.66
1,0.02,750
16,3963.55,738.98
3,113.49,0
26,2679.54,849
7,658.43,1600
2,1.04,150
4,206.28,641.86
13,404.33,2665
30,4035.73,819.12
6,279.57,849.15
14,2093.97,807.63
1,0.02,1000
3,1239.39,1300
1,0.02,0
8,1125.98,581.88
10,2152.05,1600
20,1192.04,912.59
9,1873.77,3050
2,20.94,762
29,2058.66,974
22,3101.8,1522.85
1,0.02,600
10,893.19,669.63
6,299.84,1515.63
19,3457.01,1724.58
12,297.26,150
13,2428.78,1827
1,0.02,539.74
22,3.43,800
17,3896.89,860.69
7,110582.1,1399.05
10,1930.53,1460
13,1532.86,920.67
26,9954.83,868.29
6,868.62,1790
24,2649.54,1445.13
7,1546.41,904
34,6435.17,2548.31
1,0.02,1000
2,0.08,180
6,182.81,358
61,6247.4,2618
12,2854.63,1591.51
9,298.95,180
6,598.84,980.22
1,0.02,814
12,1561.49,849.15
13,3914.33,663.89
1,0.02,100
37,4519.59,1269.63
5,2495.93,1135.36
10,3117.41,1110
3,196.22,800
10,829.31,180
2,19.71,0
16,1871.93,1003.72
8,1325.93,820
7,255.37,158
4,1001.34,1772
16,3787.79,0
15,1218.52,546.15
2,30,0
10,3412.68,1021
13,1765.95,860.69
14,1813.84,860.69
24,2976.54,1131
5,1502.18,1450
11,2407.98,849
16,1336.26,879.41
18,1621.21,936
30,2874.97,986.03
17,1701.24,937.59
14,2011.54,833.77
1,0.02,158
8,265.74,1950.42
28,1479.99,807
25,4368.29,1222.5
10,283.28,150
16,1576.45,699
10,4838.07,969
14,2041.77,1022.18
50,12674.55,807
12,2257.17,1003.72
12,5006.91,1200
14,2460.02,1212.64
1,0.42,228
5,86.3,837.96
4,219.61,150
12,3226.29,650
24,8637.46,860.69
2,19.77,819.16
2,20,0
8,2186.31,1339.35
26,1669.59,719.7
9,380.27,430
4,297.93,158
33,2041.97,969.12
2,0.04,690
10,10054.49,511
6,2709.75,0
14,2282.28,1490.62
10,7347.17,716.12
7,979.04,714.56
1,0.06,0
1,0.02,1400
7,1453.49,785.99
13,3672.52,833
22,4335.42,3472.4
10,302.2,158
5,5916.78,0
1,4.65,1927.08
1,0.02,1687
8,1833.63,2317.91
4,473.9,1026
14,2129.6,929.41
5,662.18,2000
8,210.03,1477.43
26,2390.51,1214
70,2362.1,807.63
20,3345.45,1444.64
1,0.03,0
23,2526.8,1280.56
35,1520.61,200
49,3948.14,1209.64
1,0.02,1677.76
28,1106.16,860.69
15,1456.36,0
52,4838.42,1474.18
5,267.69,1003.72
1,0.02,1300
64,7336.14,3553
12,3801.95,549.34
15,1404.44,0
14,2589.3,940.65
8,1537.44,819.16
3,3008.91,800
18,1778.43,819.16
13,1727.59,914
22,1420.71,857.63
27,3208.6,819.16
22,2377.1,1126.59
3,157.81,158
6,2857.69,922
4,252.98,1456.71
10,1324.3,849.15
40,920.52,807.63
26,2168.2,828.28
4,2519.76,740
8,251.27,1441.49
2,500.53,400
22,3039.69,1544.16
1,0.02,400
1,0.02,0
26,2984.54,1214.43
19,2069.6,800
6,1194.1,550
17,1620.31,792.18
17,1777.02,749.61
2,0.04,800
1,0.16,0
10,290.49,158
16,1688.47,807.63
13,1707.35,860.69
13,2497.49,0
4,167.91,430
4,172.81,158
4,1409.99,158
9,1481.96,2055.45
1,0.02,0
2,829.95,800
8,231.04,180
1,0.02,200
19,1754.39,819.16
36,3653.31,1022.18
21,2649.97,1060.91
12,1538.45,160
20,1666.91,158
16,2143.42,986.03
11,2659.54,954
22,2270.76,0
9,1101.66,711.05
31,4922.5,719.64
11,2122.17,1100
47,25356.63,937.59
37,3167.67,860
20,4762.05,1675.66
2,19.71,860.69
15,2485.02,1280.56
5,230.31,1022
15,2315.55,0
37,2121.15,668.19
1,0.02,150
15,1203.87,609.12
27,3793.49,158
18,2175.94,947.62
35,3054.85,1200
1,0.03,2540
23,125.97,656.44
22,577.24,158
11,283.87,178
12,361.22,158
4,210.87,870
19,3058.93,3006.82
2,262.68,819
30,1948,929
14,1388.3,851
8,2522.69,1532.58
1,0.02,2010
20,2422.26,3039.39
2,260.88,897.82
8,552.44,646
40,5167.11,847.15
1,0.01,0
18,1771.49,913.29
21,7344.24,1022.18
1,0.02,700
17,1753.29,1170
6,247.24,150
13,1493.58,807
3,20.27,0
14,1657.1,819.16
36,2235.2,954.51
9,859.25,0
27,1933.09,1003.72
2,19.72,853.14
30,6681.81,833.77
7,4867.32,3808.63
18,2057.17,717.05
1,0.02,1062.07
4,202.02,1003.72
7,501.27,937.59
3,303.03,800
1,0.15,1015
44,1110.39,541.18
62,6364.44,901
21,336.9,0
44,1596.26,780
4,267.4,602
25,1659.99,150
12,3831.9,100
30,2061.36,800
4,382.17,332.65
6,369.9,1691.15
22,4073.81,807.63
4,177.81,150
5,61.07,629.04
45,2241.7,860.69
22,2583.21,1068.48
29,2073.35,903.75
1,0.03,0
13,1660.03,667
36,18040.28,1022
3,157.81,150
11,301.2,0
1,0.02,0
16,1962.15,2120
19,6038.86,1710.69
14,2321.25,1110.61
27,1498.05,819.16
20,1520.86,1003.72
23,1717.05,717.42
2,131.01,700
14,1619.02,807.63
15,2202.34,1428
6,1062.57,534.86
14,394.3,807.63
2,0.04,853.63
8,1689.29,969.12
12,676.08,457
5,167.8,158
17,3996.46,2036.2
1,1.67,450
16,4524.86,807.63
5,72.02,0
1,0.02,999
22,4383.31,1022.18
51,2551.59,807.63
37,4968.78,860.69
1,0.12,770
9,5080.91,700
3,93.41,800
9,20073.86,1234.42
3,819.81,1130
4,158.15,150
5,247.56,150
14,1232.72,744.51
8,1669.05,0
2,18.93,150
4,100084.17,1000
2,19.71,1680
3,72.17,740
4,286.21,850
27,2319.39,860.69
18,1668.42,150
4,367.71,969.12
19,3447.84,958.78
20,2060.83,2200
14,2790.65,847
7,580.41,923.3
12,3545.71,0
11,1409.62,665.84
32,1963.18,819.16
29,2135.95,1125.63
16,2427.05,924
1,0.03,0
17,1484.09,822.18
10,1259.68,0
8,1441.22,2297.3
10,786.87,745.83
3,179.52,150
1,0.02,150
22,1763.71,1039.97
2,20,0
3,3.16,6780
3,340.47,2085
38,2280.64,871.19
16,2138.86,883.75
8,1202.56,6300.8
7,1612.47,977.63
10,88680.38,2220
20,1637.01,849.15
16,1502.39,1300
12,2251.24,960
9,761.49,2187
18,1737.04,874.53
28,1650.79,789.1
8,388.52,150
3,20.48,1226
2,4.31,1300
6,164.18,158
16,2406.57,954.51
5,9903.44,1169
2,80.77,1933.45
3,731.9,1090
8,1120.91,1959.34
13,3359.77,1113.61
9,2136.35,150
6,62.07,900
7,264.69,807
4,330.01,920
2,2.55,0
3,0.09,685.06
1,0.01,2200
77,5988.53,1106.13
3,449.8,1900
28,2692.29,0
3,157.8,158
18,2205.69,898
10,1007.43,156
7,1359.03,1570
1,0.02,1492
16,1968.63,900
10,292.27,807
27,3903.16,1957.61
26,2697.34,1003
1,0.02,1900
4,256.55,150
13,1752.56,937
13,1426.99,819
13,3042.43,664.66
16,2024.72,937.59
10,645.3,2320.71
53,9442.08,819.16
3,3.45,1270
4,1.49,980
1,0.03,0
2,19.71,1022.18
18,4185.93,833
7,1973.43,1105
18,10141.99,807.63
8,76.48,2539.39
4,234.09,800
4,174.9,0
12,2712.79,956.78
15,2651.7,969.12
8,1156.08,1022.18
8,836.72,469.2
15,1738.94,874.53
39,24498.29,819.16
46,2337.18,1068.64
2,220.2,1500
27,1982.08,819.16
1,0.7,950
7,318.15,150
12,1917.97,807.63
1,0.02,801.39
31,6095.47,772.42
5,2890.06,0
7,292.32,150
30,2862.52,1606.97
3,60.71,0
24,3566.7,600
10,297.75,150
5,174.96,807.63
8,283.51,2310
7,1561.16,804.63
11,1854.69,849.15
45,3228,710.82
15,9920.7,620
20,2355.04,1090.62
6,346.03,608.52
3,11.44,50
1,0.02,0
22,2282.52,1110
31,8383.26,909.47
16,1974.96,929
10,1381.49,849.15
36,3226.45,701.69
2,0.15,1600
9,2057.34,600
2,0.04,0
46,2904.83,1200
13,7160.64,258
4,236.24,155
9,285.9,807
21,1373.66,156
4,589.7,493.22
5,5832.72,450
6,1020.71,787
3,157.82,158
34,15927.56,937.59
14,1433.02,555
42,1226.22,158
3,327.41,369.02
15,1688.65,856.11
1,0.02,800
23,2255.44,1003.72
23,2412.89,1570.62
10,1815.27,1220
21,5036.03,919.12
15,2318.45,0
12,269.56,150
7,309.95,177
31,3009.78,1054
12,1371.61,487.67
2,19.71,0
1,0.02,900
8,299.27,150
8,1194.88,800
30,2026.43,969.12
6,24205.13,840
15,882.57,1373.66
9,1425.93,0
35,1613.79,819.16
31,1952.14,1003
37,5070.49,1779.46
26,3388.05,860.69
2,19.72,974.86
3,1.38,550.78
17,1301.27,711
14,1480.49,580.36
5,438.76,875.45
6,619.93,890.97
17,1753.39,1093.08
36,3011.54,1090.62
10,2735.12,771.04
13,1415.01,849.15
2,0.04,500
12,1054.73,819.16
27,11079.93,1110.1
13,1173.37,5087.48
3,75.67,0
24,21309.8,4200
29,2292.5,819.16
20,1373.69,807.63
17,7483.89,158
42,6293.76,853.38
35,8329.34,937.56
26,1739.26,156
29,1454.87,819.16
15,1579.89,807.63
1,0.02,500
9,1180.12,475.87
5,2215.48,1597
1,2.56,973.29
9,1296.7,363.08
26,2752.53,954.51
11,969.54,935.65
16,4543.28,1529.69
31,4435.17,1022.18
9,471.7,604.92
8,2363.96,980
10,409.8,150
16,2435.6,1125.78
15,2187.31,1883.52
7,661.44,1513.33
6,308.15,150
8,214.32,990
28,2159.52,1003.72
12,1936.59,860.69
9,1879.99,874.53
24,1804.73,807.63
17,1916.76,902.18
1,0.02,0
9,709,537.34
1,0.02,755.63
2,587.98,0
31,44979.18,833.77
19,2142.88,600.16
3,2.05,1377
15,460.64,1482
19,3532.05,6517
4,926.03,2238.03
9,1634.17,819.16
2,19.71,150
1,0.02,400
24,2626.48,1234.31
28,2229.13,1048.95
20,1924.49,833
16,2567.43,0
39,2481.17,986
11,949.23,6729
10,1618.74,860.69
2,19.72,738.1
16,2596.68,986.03
4,514.72,665.79
8,190.17,529.85
30,2396.13,1692.04
1,0.02,156
9,6331.34,718.43
20,6203.82,860.69
38,12162.99,819.16
14,1624.81,816
13,7301.62,1641
1,0.03,2231
16,1567.82,1100
24,2615.51,0
2,248.22,1861.72
4,2178.31,2150
12,5809.53,954.51
2,19.71,0
2,2001.76,3964
1,0.03,500
6,81.74,150
5,279.88,180
19,531.48,258
17,1846.78,819
3,56.8,560
1,0.02,800
13,2511.67,1254.2
16,545.79,2738
21,23022.92,874.53
2,19.71,1606.39
5,811.8,1100
29,4393.73,704.08
13,3050.24,1189.33
19,2927.9,1867
1,0.02,150
12,1085.51,907.66
8,379.04,150
6,260.79,5070
2,0.04,861
42,9758.01,849.15
6,1281.45,160
13,886.79,800
2,1.02,318
16,2373.74,838
26,3005.08,1233.23
33,4019.16,726
8,1380.49,849.56
12,8830.7,927.71
13,416.79,180
27,11552.5,794.8
5,752.85,745.43
8,1479.47,0
1,0.15,804
29,2691,2850
1,0.02,1400
10,289.65,150
8,3092.5,3000
2,362.41,600
12,1495.51,818
1,0.02,788.44
27,240.28,248
7,276.93,158
39,1762.13,808.84
1,0.02,800
51,8144.65,566
19,2094.21,1762.9
12,1734.46,0
3,20.7,1815
16,2084.37,0
1,0.03,0
17,831.08,0
15,1268.9,1991.3
10,7759.29,1923.93
13,2003.41,5676
11,1861.14,1258.83
1,0.02,2000
33,6616.21,1003.43
8,896.43,150
1,0.02,1300
1,1.55,1000
12,1353.97,736.98
6,1545.47,0
100,6237.5,937
29,4179.83,860.69
18,6018.41,1724.01
3,0.29,3000
17,2042.81,2142.17
8,4453.72,697.1
9,1859.41,807
7,18643.97,2031.96
25,2910.24,819.16
3,21.57,1090
1,0.03,0
12,265.55,150
1,0.02,750
14,1785.72,849.15
35,2185.26,588.15
25,2336.09,150
15,2391.52,0
4,23.16,100
1,0.02,0
9,1143.87,833.77
29,2303.67,1322.18
6,721.91,819.16
17,1972.13,0
31,1154.31,652.13
3,749.43,540
1,0.02,150
38,2241.97,807.63
15,1670.11,1074.51
51,2774.5,1090.62
9,249.27,750
1,0.02,2200
7,890.3,609.45
12,1315.18,1300
1,0.02,1177
26,4409.12,849.15
29,2147.76,819.16
1,0.31,947.92
1,0.08,736.73
17,2475.69,849.15
21,1584.06,874.53
3,28000.09,800
25,4268.32,2884.08
47,2638.38,676.88
13,376.33,158
20,2078.22,658
2,1.26,1500
26,1720.18,158
61,2629.52,703.75
4,358.71,0
35,2709.98,1228.63
19,1278.49,0
13,238.44,366
21,6127.99,1950
1,0.02,0
4,21.71,1025
2,1.02,480
1,0.62,180
34,2466.09,860
28,2426.48,734.65
19,5605.13,1003.72
2,19.72,0
33,36165.48,2110.83
1,0.02,1900
5,310.21,150
5,146.42,986
27,1919.45,0
16,1619.81,929.41
7,633.77,0
21,1935.58,874.53
19,2330.3,1191
34,2018.77,833.77
19,2281.12,807.63
35,9837.06,1022.18
24,1526.54,3605.03
3,40.04,800
16,4739.18,804.63
19,2076.52,874.38
13,1447.73,729.3
20,1747.16,2400
22,1738.8,833.77
6,1385.7,754.57
6,1526.56,0
4,234.15,158
26,3251.71,1400
12,2418.46,1022.18
5,215.99,1351
1,0.31,0
7,255.46,150
13,1570.4,1071
6,1050.97,1309.74
10,2472.48,1570.97
5,2655.4,1882
10,4341.1,1200
3,492.16,675
4,227.15,158
17,966.95,874.53
6,1262.46,640.69
2,1.02,7000
26,1810.35,807.5
9,1779.31,2080.62
5,752.28,800
11,1285.66,849.15
23,2596.78,1022.18
3,290.3,0
6,645.31,455.13
17,1602.65,819
1,0.03,0
12,663.83,1834.3
13,1897.06,0
6,1490.61,693.43
11,3889.64,3048.56
7,745.87,809
18,2139.16,892
11,963.36,764
6,905.48,512.62
20,1509.88,1234.42
5,43.78,703.2
10,295.13,158
31,2215.93,888.34
2,8.85,2500
3,188.95,0
3,2.58,1722.35
7,183.87,0
12,3768.16,2737.38
1,0.02,2500
6,401.09,1161
20,3386.43,988.95
9,289.62,150
12,1465.18,150
2,20.09,1022.18
1,0.02,1500
16,1839.69,1054.48
28,7080.52,1660
7,3880.83,4500
16,2840.85,1311
17,1248.89,833.77
1,0.03,0
30,2882.83,2212.12
4,5875.96,5000
26,10677.08,715
6,1745.58,886.03
8,3300.74,1980.34
12,2018.68,850
6,1401.38,14000
8,381.36,338
9,1160.74,807.63
7,250,178
30,1723.64,1852.37
24,2546.22,1100
3,93.23,0
20,4045.84,1959.92
18,767.39,592.17
14,1955.3,945.6
6,844.68,980
4,43.12,1705
30,1983.87,815.32
1,0.02,1060
18,1687.95,850
9,664.29,1142.16
5,258.19,150
3,5368,0
15,2888.36,674.32
17,1479.3,832.77
16,758.98,278
12,1221.18,833.77
22,1490.37,788
14,23223.37,2360
17,1260.93,258
48,14901.73,1020.61
6,258.99,178
2,36.89,1200
8,285.8,800
32,2578.56,1180.05
15,2124.52,1911.95
1,14.59,3550
13,11514.29,860.69
29,6221.4,849.15
1,0.01,1200
5,585.08,519.06
3,52.03,0
1,0.31,0
34,2821.83,1210.29
27,14185.23,5121.91
19,1584.53,674.09
6,290.73,1003.72
8,498.49,1022.18
3,119.74,900
1,0.07,0
7,1428.6,701.41
2,19.71,0
9,1818.8,874.53
14,2149.94,931
21,2112.68,936.03
19,12068.03,819.16
13,1514.65,976.77
10,326.34,240
17,2461.43,1200
24,27172.17,819.16
7,1590.72,819
23,5045.35,1410.14
6,388.18,700
5,563.74,8814
39,7850.05,4478.09
1,0.02,1813
13,2087.9,807.63
26,3808.75,150
18,3900.72,860.69
10,1808.09,1200
1,0.02,473.4
5,208.47,158
6,596.96,0
2,60.1,1550
1,0.62,0
1,0.02,1022.18
1,0.02,703.88
56,3981.98,709.95
3,1658.36,2000
43,6917.08,1121.51
1,7.82,2146.16
2,29.72,0
5,321.44,178
28,3062.52,1019.51
32,3641.75,1125
28,6712.27,1524.31
26,9961.44,2280
35,1785.86,1231.03
77,6625.2,2479.23
2,543.14,0
4,345.73,1552.55
26,5411.24,1477.43
5,1104.77,410
6,170.1,2315.84
18,1947.1,986
1,2.48,980
45,6161.5,849.15
30,35755.8,903
11,2002.19,728.72
13,1908.65,626.21
14,1708.72,1224.11
14,3951.91,2000
7,283.37,280
13,8259.6,1272.87
1,0.02,150
15,1359.24,860.69
5,285.55,150
35,5937.92,2578.9
3,901.69,1500
3,2197.45,0
28,1453.19,743.85
4,149.33,1101.35
38,2279.21,870
8,1688.87,822.61
6,6435.32,4090
6,241.86,3700
1,0.02,900
7,2507.64,4054.48
18,4219.72,150
2,168.11,1778
10,1177.57,1288.46
14,526.07,684
3,156.81,5333
3,314.63,1522.51
14,1829.78,969.12
11,1645.85,1003.72
13,7051.17,1130.61
18,2035.79,1022
18,3463.05,1566.92
1,0.02,2000
13,2789.38,1000
10,481.41,180
4,269.4,573.31
3,88.12,885.85
33,4719.04,158
22,2642.61,855.55
2,19.71,0
48,1309.7,158
22,1215.22,870
3,72.84,0
51,8645.74,1086.64
14,2247.6,920.67
7,1808.15,860
1,0.02,340
2,0.03,1750
1,0.02,800
3,89.97,0
5,308.15,150
17,2028.8,819.16
15,5839,1570
40,2806.24,821
7,359.64,158
1,0.02,0
6,530.68,674.59
18,2074.17,986
21,2430.03,805
2,19.71,3353
6,1168.65,158
3,120.73,2045.39
15,7800.17,1616.21
16,1485.88,0
15,1601.33,800
2,3.22,1097
12,7204.78,449.79
13,2192.21,1014.94
8,2162.68,2084
8,242.71,1086
12,1084.37,2014.32
10,1712.78,874.53
1,0.02,1400
1,1.64,1500
17,6564.7,1300
4,153.99,893
22,2233.76,833.77
1,0.02,0
30,4040.45,1212.64
26,2694.28,771.09
15,1584.74,150
12,4045.17,819.16
21,1947.08,954.51
6,379.2,740.95
3,253.38,800
26,1868.38,856.84
3,66.76,1343.28
36,3147.08,927.41
3,178.62,178
2,19.71,0
16,1909.9,3044.43
33,3188.23,986.03
4,184.79,1130.61
21,11333.81,1234.32
2,19.71,750
15,1797.32,8426
11,7437.26,1250
12,2741.28,661.42
2,1.03,450
1,0.03,0
11,1455.76,819
2,103.13,2050
13,1885.9,607.43
1,0.02,0
8,899.68,819
33,8107.31,1070
17,1673.66,150
31,2475.51,800
1,0.02,50
13,830.03,1218.14
9,1804.85,462
13,1980.16,601.13
2,60.03,670
1,0.02,1600
10,1997.33,0
14,5591.61,1646.46
11,2500.74,860
1,0.07,1530
8,756.8,715.06
33,11261.86,819.16
9,361.46,280
1,0.02,820
2,19.71,1110.61
21,3509.57,937.62
1,0.02,10000
2,38.95,969.12
10,1818.71,980
1,0.02,960.54
11,1001.98,1867.31
21,635.89,360
29,2376.11,1117
19,1780.36,962.12
13,1057.01,540
12,1353.22,1050
2,0.04,1482.04
14,1968.05,807.63
72,2221.15,937.59
3,35.98,0
8,1022.72,651.1
15,866.71,158
1,0.02,1588
9,1531.63,830
19,2167.24,849.15
4,336.76,1015
5,252.26,961.81
9,233.03,278
13,322.81,158
10,789.76,843
3,706.4,0
13,602.11,180
6,924.78,554.55
4,46.12,750
2,19.71,0
7,2843.04,800.42
8,1167.09,1558
20,1690.03,833.77
25,30.63,2350
1,0.07,1385
18,1548.11,819.16
3,158.71,158
11,1957.8,1015
11,288.97,150
31,2723.08,1257
38,5531.34,2059.36
89,3788.3,158
4,1206.93,730
7,1629.09,0
9,145.52,950
15,2499.3,1090.62
10,2767.56,1700.08
5,233.78,746.21
23,3927.13,716.26
27,2590.98,819.16
24,2909.67,1003.72
18,2114.46,1850
18,3824.73,1243.09
25,2499.68,980
5,1105.22,2733
81,20860.53,929
19,1828.33,874.53
8,1693.89,2150
18,2284.3,953.72
16,1892.09,954.51
8,244.48,700
2,200.93,0
3,30.02,2223
1,0.03,0
17,9535.63,1800
1,0.02,100
53,41684.71,1130.61
27,1785.43,849.15
4,487.89,1042.13
2,19.72,1130
6,3541.73,1477.43
6,967.52,732.58
1,0.03,1550
27,2361.48,1009.75
23,1722.27,860.69
25,1882.26,1525.2
15,391.13,208
10,622.21,1630
8,1248.94,533.21
11,741.23,378.98
5,228.98,278
10,3432.38,0
22,26859.87,2966
29,3449.39,1257.49
15,878.76,1060
12,1325.27,0
23,2505.29,860.69
7,258.56,158
1,0.02,3500
5,1586.87,840
11,2099.08,993.81
4,12.13,1500
11,1610.31,807.63
1,0.01,1720
11,186.2,803.68
3,903.87,376.9
17,1814.84,2214
1,0.02,800
4,1043.81,1430.66
14,2035.39,2124.15
9,640.83,0
58,4422.32,0
30,2353.7,849.15
1,0.02,200
10,2445.35,716
9,693.5,2475.47
18,20185.69,1022
13,1646.93,807.63
49,2167.5,849.15
19,1840.65,160
9,877.41,0
3,933.36,740
18,1552.27,819.16
4,273.74,394.42
4,193.36,2800
13,908.04,158
23,2714.53,976.66
18,1840.69,811.47
17,1697.76,833.77
16,1653.95,769
36,2207.96,929.07
26,2338.1,1070.62
4,587.64,1020
54,5995.04,594.01
2,8002.68,6200
9,1161.9,1494
12,2083.87,974.03
18,4223.96,2124.09
10,1543.25,1807
23,4042.33,2176.59
14,2063.45,1101.51
12,1978.25,2036
7,858.44,150
1,0.02,2014
5,180.35,1200
20,2411.21,2152.12
16,2829.75,792
1,0.02,800
15,1070.07,208
11,1762.76,1110.61
107,3841.14,1912.32
22,3263.2,1416.5
6,1707.07,942.03
9,1824.71,2181.47
8,976.64,849
54,5583.48,774.95
2,1.31,0
1,0.03,677.39
26,1894.15,819.16
8,326.71,158
32,1426.88,1757.27
11,2073.55,968.55
5,295.64,158
28,4085.96,1152.23
3,157.81,158
16,1919.21,819.16
14,2502.93,511.78
25,2497.06,790
17,1483.55,600
4,1600.04,650
19,14001.61,1572.6
17,1128.64,1050.77
3,0.13,300
16,9670.91,849.15
16,2446.67,986
22,17828.52,1408
16,1958.47,1886.03
31,5267.31,807.63
21,1578.72,819
1,0.02,2984.37
1,0.02,5200
57,9393.09,840
98,6115.92,1293.7
29,2723.72,995.77
20,3987.54,1418.46
2,10.3,400
27,8221.68,0
1,0.02,800
15,1996.48,711.63
3,596.36,395
27,3484.1,800
3,40.33,893.75
22,13661.1,1022.18
44,3337.13,982.03
3,1.37,150
7,230.22,150
1,0.02,969.12
8,1065.78,725
22,5155.52,589
22,2227.72,969.12
1,0.02,1680
15,3546.39,1214.43
25,2464.81,807.63
19,548.53,200
19,1927.2,807
18,2182.09,849
16,1253.9,877.33
9,677.16,435
26,2417.32,807
17,1243.78,158
9,487.62,807
18,2201.43,937.59
13,671.47,156
9,298.87,150
14,1245.47,703.68
15,6350.03,3789.86
1,0.57,1000
3,2003.99,2176.17
23,2871.53,1022.18
1,0.02,1170
19,12938.79,1758.78
21,3150.78,969
4,178.97,278
16,2028.62,1326.03
24,2120.12,644.89
40,8391.49,1722
32,2693.11,849.15
4,293.32,754.56
28,6725.55,0
1,0.31,1782
1,0.02,681
24,3564.13,639.46
17,4763.01,1003.72
1,0.02,0
1,0.02,1857
6,1186.52,722.4
23,5845.53,783.77
8,209.53,158
13,1200,606.45
16,2283.1,2703.49
17,2439.58,150
2,40,1472.12
9,1228.42,807.63
7,354.02,433.93
15,1070.23,168
17,1123.55,623.76
19,1764.23,807.63
23,6327.34,860.69
31,3255.02,2250.88
1,0.02,0
16,45641.85,1496.81
7,2047.09,0
1,0.02,1452
11,4042.41,942.13
10,463.92,150
13,1858.8,920.67
21,5236.82,1569.28
1,0.02,300
9,882.43,810.28
11,1715.83,887
13,2078.56,860.69
7,575.82,1886.54
1,0.02,0
24,4684.25,682.08
2,19.71,784
15,1753.4,849.15
2,1.02,650
26,4422.39,928.33
26,1853.58,819.16
10,2950.01,2539.31
7,1430.75,965.36
26,2652.39,675.53
5,212.01,980.39
7,358.6,1390.71
1,0.01,4600
2,19.71,0
4,254.93,999.01
12,1843.93,892.79
13,1065.07,969.12
1,0.02,700
26,5868.07,762
24,3608.74,687.59
2,7.02,600
29,2092.06,769.12
58,4333.67,1050.61
15,4438.91,819.16
17,1266.67,807.63
21,1606.29,819.16
8,2109.58,822.35
2,19.71,2350
12,3418.69,1214
26,2159.51,807
15,1949.85,700
5,622.36,268.06
41,4975.63,969.12
35,30817.08,1234.42
11,1360.58,160
13,2081.48,1243
8,298.86,150
6,743.84,630.7
7,12229.82,849.15
18,1922.23,1003.72
13,2320.66,1130
22,1871.32,1236.03
3,377.96,180
5,1541.9,1860
6,1035.01,947.27
2,19.71,2100
8,872.47,488
26,1842.23,819.16
4,39.43,0
29,5835.73,860.69
1,0.02,150
12,1315.97,850
12,800.26,480
21,1745.98,904.52
1,0.02,700
11,1875.48,1860
6,831.42,2039
3,157.81,150
8,323.35,150
19,5826.11,2700
4,329.46,0
23,1746.61,150
3,92.53,247
19,2260.07,860.69
2,104.11,1120
14,5201,1152.81
3,76.22,0
3,41.01,0
2,1.02,3200
21,2255.56,0
8,111.04,1559.09
8,1179.03,807.63
51,4173.89,1450.28
31,1486.06,929.41
17,3225.77,833.77
1,0.02,3300
1,0.09,0
2,69.71,150
1,0.03,100
25,5185.53,741
11,845.11,680.6
8,1181.15,777.87
1,0.02,1385
1,0.02,1200
3,300.53,1568
40,1781.17,819
23,2776.17,1280.56
8,259.11,1120
41,3017.72,1233.42
17,2016.58,977.49
7,190.22,2400
5,1288.15,580
35,1850,807.63
8,179.2,849
4,538.23,410.2
1,0.02,200
2,1.02,2800
38,3157.45,804.51
8,373.41,158
25,2325.26,2550.13
8,1409.6,1022.18
5,132.22,994.32
5,306.04,2880
6,1765.19,872.48
2,2.18,2100
10,24422.14,3211
9,750.84,569.69
21,4860.5,954.51
1,0.02,2100
6,179.18,150
42,3785.93,807.63
1,0.12,150
9,1733.68,842
6,1714.87,904.52
36,8148.72,904
4,5.66,6063.81
8,1917.18,970
1,0.02,1201.03
9,1584.86,879
18,1899.27,833.77
9,1344.08,540
1,0.1,0
28,2887.7,749.51
33,2790.81,800
15,1163.12,1135.38
24,4317.24,1800
56,3468.53,1060.63
18,2697.82,158
1,0.02,150
25,5424.57,807.63
1,0.02,0
6,1750.43,425.8
18,1824.66,791.12
4,26.94,2020
8,856.58,1765
1,0.03,2100
8,1187.54,698.2
5,132.88,986.03
23,2163.39,849.15
36,15362.46,156
1,0.03,0
2,210.58,800
13,3342.82,1310.53
6,318.18,150
17,708.05,365.74
31,19138.09,150
14,2113.67,1041.44
5,304.23,1003.72
1,0.09,0
11,1639.89,874.53
6,561.64,1700
6,2017.06,2835.83
8,1707.47,120
15,2148.67,0
15,9368.8,3210.41
13,1924.9,807.63
6,260.07,157
32,2126.22,1632.19
29,1831.17,849.15
24,4445.48,969.12
1,0.02,2597
24,2762.14,150
25,396.99,150
13,9657.66,2370
13,2178.55,1002.68
1,0.02,1020
9,278.16,150
5,774.76,1445.13
1,0.02,3000
18,1736.9,677.93
14,620.87,1200
32,2816.03,1257.49
11,609.85,240
7,936.25,536
2,74.43,794.48
31,1384.94,819
1,0.01,800
15,1489.28,959.38
6,2249.65,7065.82
32,2058.53,740
33,2567.78,794.88
12,5683.7,1800
11,1973.52,1066
32,4989.65,1697.52
2,0.04,0
19,391.12,150
17,1874.84,819.16
31,2580.58,833.79
30,4599.85,885.54
4,43.12,760
25,1831.15,854.21
3,565.12,1401.59
10,378.89,150
14,1604.51,1540.58
26,2375,860.69
17,1596.11,643.34
12,1127.61,1464.32
16,2893.01,0
4,28001.89,1920
10,2911.29,684.42
5,1126.32,762.16
29,2513.05,861.62
18,1827.48,0
45,2250.39,819.16
6,317.75,400
7,695.58,577.46
68,4162.22,819
27,1777.6,800
2,1760.76,2109.58
16,2351.73,1130.61
14,2042.56,856
7,900.63,160
13,41020.04,968.31
24,2558.11,1022.18
15,3430.28,847.63
14,1303.58,833.77
22,3864.87,960
12,1431.1,1351.05
7,1169.91,700
24,2923.89,936.03
21,4224.42,819.16
4,240.2,1300
47,3400.77,969
4,1195.62,1284
4,46.12,1309.76
12,2006.14,1043.2
7,1573.47,1258
35,2192.82,900
27,2302.12,1234.42
17,1984.77,1003.72
9,1826.86,1054.48
15,1898.57,819.16
16,1831.73,849.15
11,2574.08,1193.43
2,19.71,0
4,1487.67,3207.82
31,3911.81,0
1,0.02,156
1,0.02,200
5,1902.65,2310
8,342.81,180
27,182.34,0
13,1670.01,1003.72
5,46.12,2600
6,1521.2,160
6,537.16,513
1,0.02,2250
8,1086.06,692
1,0.31,1850
19,1583.75,862.56
1,0.02,1500
5,2125.34,890
26,1919.51,807.63
13,1673.56,1985.94
10,560.41,0
26,2939.78,950
1,0.01,1100
33,1793.87,804.63
11,1836.58,819
12,1920.73,860
10,1626.69,944.02
13,2225.93,1518
1,0.03,1900
10,1877.94,920.67
18,1433.13,850
19,1435.69,824.76
3,0.14,1218.68
29,2080.73,807
2,524.62,1365
2,19.71,150
4,5.04,2000
7,841.91,1597.76
3,40.47,1380
26,1364.68,819.16
37,6079.67,807.63
4,609.72,1000
15,3235.15,1643.97
23,2937.34,1003.72
6,584.03,406.52
18,2788.81,1098
30,1700.07,807.63
11,762.83,1022.18
2,1.02,366
3,13.63,485.55
5,80.4,681
18,4471.19,1400
1,0.02,800
1,0.02,660
27,2372.41,888.37
8,666.85,1132
21,2433.28,701.69
5,417.81,807.63
9,94.66,920.44
27,1874.65,804.63
1,0.02,900
17,528.4,158
21,1130,1120
14,5892.24,1003.72
12,1987.62,954
4,297.8,150
15,1580.61,1235
3,178.76,230
1,0.02,2500
18,1859.7,1014.94
12,1971.22,0
12,2443.38,786.44
42,2685.61,1488.37
33,1647.9,807.63
17,4778.94,458
22,36158.09,1210.24
11,1410.78,0
21,2743.41,1369.17
5,3.93,2421.7
13,1707.31,870
12,1412.1,452.91
2,19.71,150
2,19.71,959.38
13,2238.55,1008.98
5,179.54,1022
28,3917.41,975
16,1920.15,1333.73
11,449.88,150
1,0.02,0
39,16763.67,150
35,1869.04,860.69
2,30,2220
25,849.61,0
29,2290.14,180
4,80.79,2652.54
6,282.69,158
3,944.31,667
29,2440.37,977
3,600.75,985
32,2206.82,819.16
4,1.66,1375.37
11,508.97,1200
32,992.61,823.71
13,1216.94,650.18
19,7876.45,689.88
16,8832.38,208
6,704.82,840
5,180.37,1639.31
22,2025.42,874.53
3,72.5,150
13,4139.95,2584.92
11,1013.08,327.39
18,1223.93,150
16,3459.47,807.63
17,1463.99,360.27
28,1982.38,175
7,850.17,512.22
19,2082.44,3715.47
5,4324.3,2430
2,0.04,1200
4,172.24,733.33
18,2638.75,750
5,219.5,0
3,293.74,1250
21,5555.43,964.16
6,741.6,556.07
5,281.77,150
35,2415.34,833.77
1,0.01,250
19,1849.52,1951.4
12,1638.1,1041.03
7,1685.42,860.69
4,168.85,0
14,1276.5,574.37
4,314.37,750
2,300.32,0
8,329.4,1794
1,0.02,1622.95
30,5372.95,3230.33
1,0.02,123.39
21,9258.24,833.77
9,1177.65,3600
13,4963.26,1200.25
8,805.79,1260
7,3006.88,1480
1,0.03,1250
12,1505.75,707.25
16,1884.25,1100
43,4625.49,1331
15,4500.77,972.18
21,1777.04,1003.72
26,3977.3,860
1,0.02,621
2,0.04,769
13,10683.39,860.69
8,411.2,1022.18
28,1921.46,819.16
9,2000.66,920.67
4,49.7,1700
16,1412.08,860.69
41,3487.33,1613
5,461.56,1163
8,1575.54,819.16
14,434.37,750
21,2016.98,664
2,19.71,517.09
18,2305.76,1257.49
13,309.81,158
5,876.98,1022.18
1,0.03,100901
10,1431.05,1313.46
17,1637.89,749
24,1525.08,899.16
39,4538.73,2171.07
10,835.44,785
1,0.03,1240
4,2000.33,976.37
16,771.87,566
7,762.24,0
2,0.04,1910.72
2,25.31,670.03
42,10581.98,1148
23,28152.28,150
77,2892.83,819
4,938.54,872.34
8,1938.76,990
15,2851.58,849
17,425.58,150
2,2.35,1068
18,1602.85,606
80,5862.66,800
10,149.24,1750
3,69.72,0
15,1589.11,1976.19
6,2124.97,1037.71
24,2043.52,1095.62
6,890.52,451
14,741.86,158
12,1471.13,833.77
11,1727.98,777.59
11,1753.3,889
23,3483.05,850
2,132.64,0
24,2734.76,1090
7,254.78,158
12,2897.57,1130.61
21,1228.78,0
20,500.73,2085
22,1528.03,1818.74
2,0.04,628
11,2058.48,716.34
17,1237.2,819.16
5,295.55,1116.14
2,19.71,910.64
6,1243.58,494.27
1,0.62,0
32,3024.09,1212
15,5527.5,678.49
2,19.72,682.95
7,2237.27,796.69
19,2095.4,1780
33,2005.05,704
26,7633.18,833.77
22,2281.26,1233.06
1,0.02,650
4,53.98,980
4,2387.45,6000.96
7,1008.01,578
32,3952.77,1118.87
35,1988.67,833.77
17,1449.96,833.77
22,2194.78,1561.73
21,28940.65,7142.06
1,0.03,681.6
17,2294.72,760
1,0.03,0
2,180.09,1607.79
19,21617.29,0
13,1781.95,849.15
3,750.19,822.13
13,1293.74,2000
18,21163.51,1003.72
1,0.02,2524
2,1.93,2210
1,0.02,150
2,19.71,0
19,2638.04,1293
18,1137.21,790.39
16,2173.86,860
2,0.04,4185
2,19.74,0
27,1741.78,874
8,356.66,903
3,1203.03,0
18,3305.05,156.78
9,1308.54,807.63
21,1518.95,819.16
9,475.63,1200
58,2388.35,160
17,1347.12,819.16
8,1678.85,692.25
1,0.02,375
3,218.09,3101.01
6,366.5,0
14,4626.52,1450
29,2277.95,1630.61
1,0.05,850
2,0.05,685.17
22,3170.63,1477.43
5,179.79,0
39,39451.41,887.37
3,157.81,150
33,2226.43,4110.99
27,1928.51,985.44
20,1889.57,1907.21
26,1965.27,0
23,29495.17,1164.85
8,2094.49,713.32
2,300.23,2000
28,3926.28,1400
19,1430.98,807
22,3389.04,923.2
2,0.04,0
5,277.59,150
1,0.12,850
27,1428.27,0
18,1042.27,418
18,1670.28,833.77
7,2156.11,1014
10,1001.55,816.44
81,5406.46,860
11,415.41,158
16,13879.65,888.37
34,2813.76,819.16
6,246.46,1200
4,295.93,1050
32,2366.11,1110.61
1,0.65,1207
20,2683.67,2250
28,1502.9,807.63
1,0.06,1400
2,82.8,1000
10,1731.52,1231.12
21,28326.83,807.63
28,2976.82,1265.44
15,2205.85,1090.62
4,1015.95,1400
6,902.25,2215.74
8,754.17,519.24
19,6686.18,1022.02
7,5010.63,692
11,1285.1,807.63
1,0.01,970
6,3021.1,888.21
9,390.01,180
31,2452.37,1022.18
8,1697.6,1600
24,771.48,650
42,2909.56,1408
6,823.26,639.5
3,210.72,1239.3
27,6628.31,2420.79
9,9962.63,1987.19
18,3263,1055
4,376.85,620
7,1638.95,904.25
20,2606.92,330
5,156.33,0
1,0.02,0
1,0.02,300
4,35.05,0
1,0.02,200
13,1886.91,2380
14,1660.82,966.66
5,198.99,180
1,0.01,1300
1,0.02,1980
9,8.6,1600
8,1708.06,1025.33
20,624.07,1200
30,2499.91,675.95
33,25520.84,0
21,8043.06,849.15
4,13.25,180
21,2783.7,833
37,6069.58,830
45,2619.35,960.12
6,259.99,188.91
22,8554.65,1230.05
14,1949.18,2007.44
10,983.94,1208
27,2100.67,1128.91
26,4691.65,2161.69
7,6103.23,1500
13,1364.97,0
20,2099.11,0
25,15043.16,819.16
6,205.39,925
4,186.84,0
2,1204.35,0
9,4050.51,819.16
30,5586.84,719.69
3,20.7,0
17,2088.89,0
4,185.59,180
7,900.05,1118
4,289.27,2810
32,2137.3,753
2,101.31,800
4,177.8,150
17,2283.48,719.41
24,1947.78,787.54
12,3194.2,0
10,1491.19,819.16
5,201.18,1881
16,1091.32,1419
3,157.81,150
8,609.46,1000
27,1855.28,813.16
8,361.83,158
13,1562.43,819
19,1801.41,819.16
15,1693.24,772.67
23,10885.68,1322.03
11,376.17,170
5,610.8,807
14,24303.4,1882.01
2,19.71,849
19,1713.97,1070.42
33,1709.92,150
13,1733.06,1460.61
76,3457.45,849
11,343.1,180
25,7964.88,991
9,303.89,150
1,0.04,0
4,6211.29,1580.39
16,1983.2,1233
5,1120.96,958.4
25,1872.39,969
2,400.23,0
9,1821.06,874.53
13,5111.04,819
1,0.02,1072
19,10724.31,860.69
15,1296.12,819
6,1499.54,749
1,0.02,480
5,29.36,0
22,1554.82,833.77
19,3080.67,1880
18,685.61,180
2,19.8,126.13
4,2137.45,1020
4,732.72,1030
1,0.02,2000
1,0.04,487.84
3,1013.67,2291.35
5,232.13,1081.85
28,1724.68,748.06
8,334.03,688.58
48,3310.03,1933.75
1,0.02,300
2,5.04,600
17,1373.36,1120
5,974.7,690.86
21,1557.57,811.47
1,0.02,0
15,1824.19,682.72
10,2551.85,673.59
4,1764.8,1050
1,0.02,0
3,8041.94,2330
15,6521.6,2802.11
11,1359.61,833.77
5,932.44,584.88
35,8836.16,719.16
6,358.13,1590
13,3797.43,980
12,730.03,2596.13
6,250.31,1150
3,3.16,1300
4,179.9,902.5
6,6851.62,1300
34,2288.55,860.69
8,188,1558.61
1,0.02,0
5,876.83,0
19,1952.29,1737.59
6,297.56,150
17,1901.19,888.37
12,2150.24,969.12
8,298.18,150
2,0.08,1090.18
26,1527.78,158
24,5572.37,807.63
11,1918.81,0
12,1666.48,150
12,2534.92,695.79
11,1845.9,969.12
4,11.38,300
3,31.52,2351.69
18,1459.01,650
22,1445.22,833.77
10,1942.42,1341
6,620.84,1304.4
22,826.1,380
2,260.13,1000
13,504.7,2502.74
23,1282.13,819.16
2,100.88,1000
30,1764.72,819.16
2,1.02,600
9,2742.42,0
20,1486.04,734.65
6,1005.69,573.72
18,12219.47,0
19,1853.84,980.39
2,44.88,1568.49
28,2767.02,100
13,2350.68,1075
17,11458.07,900
6,1512.1,1074.92
8,2193.04,954.51
2,0.04,1589.04
19,2044.44,1022
23,4401.43,833.77
2,19.71,0
20,5764.75,849.16
18,2243.14,809
9,317.58,158
1,0.01,3200
6,301.59,158
24,1507.46,807
7,788.21,700
5,329.04,198
1,0.03,0
27,5543.43,1768.8
19,4610.05,860.69
11,234.88,158
4,817.04,1100
20,1846.27,860.69
8,13154.48,2749.93
13,2528.21,1612.16
25,3246.51,2985.52
26,2865.54,1571.09
18,1659.66,849.15
9,710.95,330
11,2079.45,1254.62
3,4.74,972
7,292,268
21,1750.16,797
16,2795.89,861
5,35563.78,0
2,19.71,0
3,3.28,1081.64
9,311.06,575.56
29,4298.2,1780
19,4322.74,723.21
1,0.02,500
19,5945.57,964
10,9628.95,1698
20,2788.46,1325
30,1357.98,685.07
9,877.8,497.62
20,2364.12,156.78
12,1637.33,400
13,2024.85,849.15
4,21.38,1600
12,1265.29,807.63
15,1388.47,646.12
24,14776.73,1900
45,2684.79,150
1,0.02,2542
25,2695.16,1193.47
5,3304.98,7825.14
3,746.1,2321
34,25075.84,1441.27
30,1647.63,150
43,2163.38,819.16
7,99.14,150
15,2176.39,2721
8,677.25,616.81
22,7156.9,833.77
30,3270.56,1475.89
1,0.12,0
1,0.02,150
3,709.18,0
13,3099.94,1531.08
2,99.48,2000
1,0.02,640
11,1168.58,819.16
2,20.03,150
39,1596.35,807.63
7,710.61,1491
3,73.43,1400
13,580.19,0
17,1810.89,1393.02
12,1176.53,624
6,1891.18,1130.61
1,3.41,770
1,0.02,1258
4,518.91,992
1,0.02,0
3,1030.89,2034
14,1633.74,0
1,0.02,1231.23
6,1424.69,870
11,2075.4,860.69
21,1338.84,6174.27
21,1770.53,723.45
17,1515.77,819.16
20,1521.4,819.16
27,2089.68,863
1,0.02,1200
1,0.02,1040
1,0.02,1760
19,1920.22,1003.72
5,364.64,1500
20,5156.85,819.16
13,351.2,677
10,1497.06,558
2,21.29,0
1,0.02,0
32,4435.1,0
16,1609.54,968.12
7,309.75,0
12,3871.25,1586.81
9,2351.68,1600
37,2298.71,870
33,3552.55,150
3,51.27,1085.56
6,81166.56,2160
20,1454.47,1089
9,1660.72,819.16
2,27.35,1000
12,1705.44,860.69
27,2360.69,804.63
9,502.76,1097.88
16,1614.66,158
33,1571.47,932.63
11,1643.46,178
12,2802.97,1003.72
15,1078.42,1671.71
2,19.71,1335
21,1863.72,860.69
9,3482.95,5151.56
9,2716.77,791.32
1,0.03,180
12,3402.79,886.69
9,1670.44,969.12
5,308.15,150
24,8021.65,1304.4
1,0.02,1300
75,42227.97,684.77
12,357.42,150
35,7512.56,687.57
3,0.08,1549.23
13,2250.94,1256.42
34,3295.9,849.15
8,2138.22,875.58
1,0.02,720.58
19,2003.3,969.12
3,19.73,980
17,2017.27,2050
16,1770.34,807.63
62,9256.57,678.33
11,11337.64,6300
75,3768.65,860.69
21,1590.06,833.77
4,183.31,1500.5
12,1496.67,762.48
2,19.71,700
4,203.52,500
4,903.59,0
23,1294.47,432.36
2,19.71,778
26,319.58,178
1,0.02,2800
2,19.71,0
14,2998.57,805
12,373.01,158
9,1271.69,1419.16
10,2045.53,819.16
12,401.74,155
9,142.17,0
22,3057.31,1444
29,3291.28,761.01
7,3992.72,2851
19,2069.77,860
5,3701.26,1300
2,671.51,300
2,15.32,3200
20,4913.84,3148.96
8,29891.13,833.77
8,1146.24,2104.92
30,1691.21,691.78
63,4511.96,702.52
10,95.87,0
17,1707.52,819.16
2,49.56,150
2,0.04,1462.95
2,39.73,3080
24,1541.49,860.69
21,2369.58,1597.84
2,0.48,0
4,3001.43,1640
8,2146.28,1022.18
1,0.02,719
1,0.02,0
1,0.02,0
13,3413.44,920.62
25,2399.62,0
1,0.02,900
21,2170.51,1130.61
27,3700.93,984.09
14,1847.76,1022.18
2,250.09,2500
9,364.78,1000
8,3567.18,1570
8,248.83,180
23,3006.73,1300
18,3920.14,1080.55
11,2617.13,770
26,2115.34,858.15
9,292.78,158
18,1697.78,849.15
9,2299.65,1024.68
14,2796.58,758.07
25,2214.02,1022
1,0.02,1450
13,2228.81,1230
6,355.1,150
1,0.02,1200
20,739.9,158
9,1832.93,781.28
2,19.71,860.69
45,3755.46,936
12,174.15,900
2,19.71,1537.91
10,3441.71,1997.19
5,8394.47,737.59
9,2007.26,800
10,2210.77,1068
18,4649.49,968.96
12,1852.98,940
25,2707.56,1221.09
6,10001.83,1028.1
10,1190.82,887.63
11,278.31,150
14,1464.37,788
4,46.73,0
14,1818.45,844.03
14,5509.19,765.11
17,2276.8,849
15,3656.74,1141
16,1968.73,0
41,2342.86,863.38
12,2445.51,692.76
1,0.02,1115
4,892.29,419.62
4,948.37,3100
27,1697.96,975.44
13,1962.92,1130.61
5,62.88,750
18,2490.14,980
11,1474.74,371
19,1701.43,860.69
41,1935.85,968.12
4,1062.84,830.58
17,1348.88,791.16
21,2462.04,150
21,1657.59,807.63
8,1354.49,942.21
17,5838.7,2054.58
1,0.11,0
12,1439.21,819
6,580.77,1374
47,3418.83,819.16
3,600.37,1633.33
15,383.53,180
10,1609.38,819.16
13,1720.62,725
7,262.91,150
24,1660.74,156.78
19,3075.74,838.37
7,321.47,180
18,1858.38,654.39
10,3121.5,0
22,31193.87,860.69
15,968.3,2860
9,4272.23,2200
28,14605.08,998.86
22,9007.61,753
20,2444.87,739.35
60,4084.34,150
12,6746.79,1400
9,1681.51,158
1,0.41,0
31,4098.3,833.77
2,468.18,457.22
15,2191.89,1003
32,2083.9,849.15
16,2878.66,1130.61
8,759.65,1374.66
17,1606.94,907.63
1,0.02,0
21,3895.1,1723.74
14,1790.48,1460.28
23,4900.67,1006
39,8678.31,2697.67
3,2418.59,1438.46
3,678.95,998.7
11,1608.72,15879.02
30,2467.16,954.51
1,0.02,1300
8,1463.23,833
6,1621.08,937
1,0.32,990
17,2849.14,1086.13
2,19.71,0
14,2040.61,1006.12
24,1565.02,819.16
18,2895.08,1769
5,183.01,1200
1,0.02,280
24,1874.35,969.12
18,1472.42,160
3,14170.2,567
12,1534.36,1230
1,0.07,0
6,1347.47,0
13,8878.52,1410
16,2695.61,986.03
2,0.04,2660
4,823.32,1611.66
27,3611.04,1093.62
30,2714.78,1234.42
2,50.13,0
12,1232.79,2767.66
1,0.02,0
1,0.03,2300
5,161.48,1000
42,32818.84,954.51
12,2737.75,819.16
15,2430.93,468.38
15,1450.47,1141.71
15,930.01,1366.5
16,3064.62,1110.61
19,1136.32,158
24,2248.17,937
36,1926.29,819.16
13,2475.69,819
22,1294.04,2415
18,1693.05,156
19,4025.54,8000
31,1663.76,807.63
33,3484.29,765.68
23,6210.39,1133
10,1499.35,500
13,1732.69,849.15
5,4046.45,705.73
6,1681.5,962.65
5,925.51,3724
16,4274.55,727.55
27,5860.18,158
9,1747.15,849.15
13,2454.18,150
12,2498.04,675
10,3306.02,1384
1,0.02,800
18,1789.48,888.37
62,5469.74,880.73
19,2704.49,1257.49
18,1558.28,1352.08
2,1.07,0
2,19.72,0
1,0.03,315
9,303.42,180
9,1330.57,819.16
24,4098.51,0
18,1561.28,849.15
15,1630.08,1090
5,255.98,930.61
31,3853.62,1872.02
1,0.02,5100
26,2376.04,740
18,1946.37,873.39
15,706.81,427.87
38,15659.25,833.77
1,0.02,380
3,732.96,560
2,1.71,1200
1,0.02,1787.14
6,207.81,158
1,0.02,180
4,264.92,864
4,240.97,1022.18
10,2338.35,1700
34,1502.4,807.63
14,1788.63,819.16
13,2102.8,1494.22
6,952.74,1570
19,1821.09,860.69
15,640.07,920
24,2703.93,1130.61
16,1193.61,636.44
14,1276.21,819.16
2,19.79,641.82
15,7636.64,5863.47
21,2021.8,868.53
2,30.11,0
12,921.25,733.6
16,1871.87,1640.77
26,3421.59,1000
10,965.82,324
10,2089.2,6500
5,247.58,150
5,61.92,900
6,1017.76,668
2,19.72,3200
4,2239.4,1214.43
4,672.01,819.16
1,0.38,3561.25
13,1438.41,636
17,417.74,180
8,17542.32,1418.97
11,292.16,178
24,1742.38,810.69
11,2169.14,833.77
8,1407.63,680.32
1,0.02,551.59
5,152.11,1270
8,1759.46,1108.26
22,2553.76,744.18
13,1619.54,869.92
12,5443.84,1587
10,7923.14,721.43
2,19.71,1110
32,3427.89,746.22
7,243.45,150
21,1244.81,158
10,247.09,158
11,1749.03,937
13,1449.69,160
27,2883.42,730
16,1833.95,723.27
53,2679.44,1251.8
1,0.02,3079.17
4,726.03,3830
24,2032.93,849.15
12,2581.2,1097
29,2004.87,864.82
7,3704.21,1124.98
51,2208.66,0
28,8666.3,807.63
9,234.71,158
6,1805.89,1444.4
1,0.04,1500
17,1691.53,833
21,2231.94,2008.21
8,23367.43,888.37
5,23.2,150
36,5267.09,986.03
11,6965.84,649.47
2,91.89,0
12,1621.47,860.69
1,0.02,7800
10,1762.28,850
43,5301.84,969.12
8,316.92,150
2,0.04,700
2,19.71,1154
7,259.95,1022.18
16,3353.88,680
1,0.02,1019
17,1999.77,1620
35,2345.65,900
1,0.02,6050
3,30.01,1210
19,1784.67,791.31
5,501.86,0
27,2217.75,1737.59
20,3967.71,1749
34,1562.07,807.63
4,439,364.52
42,2814.57,0
6,1923.09,807.63
38,2466.76,807.63
38,15821.86,1648.19
11,1829.38,1217
23,2075.16,1886.03
15,3209.52,1481.6
19,4836.41,807.63
7,61723.85,2150
3,0.6,647.42
5,1199.68,797
4,317.8,150
27,2184.85,1003.72
10,1638.66,156
4,94.98,521
6,1470.09,961.56
2,100.04,1055.91
21,2551.77,772.52
9,1051.37,696.47
18,796.73,1163.18
9,1015.79,835
2,1000.84,3040.86
17,1834.97,833.77
12,2022.32,525
24,5420.11,156
46,1878.19,178
4,43.14,1331.76
1,0.02,1750
3,819.47,1228.33
33,5663.41,694.21
51,9867.39,849.15
13,2427.49,849.15
1,0.02,976.63
8,1633.87,819.16
10,1328.63,905
26,856.74,807.63
2,241.98,3882.96
8,536.48,1265.41
37,2010.13,849.15
6,455.76,1003.72
1,0.02,4350
2,19.71,0
32,1742.71,739.43
23,1499.17,849.15
8,475.92,800
3,41.96,0
11,1093.13,920.67
21,1771.58,1003
10,858.02,568.07
7,1792.46,0
9,1487.21,815.74
19,14155.13,849.32
1,0.02,2500
4,3.79,466.05
18,3410.36,2880
14,1101.75,1085.94
14,1066.61,602.89
4,123.14,0
3,2.33,2100
27,2397.75,0
2,0.68,810
18,11524.51,1270
15,2498.21,1003.72
10,1519.23,658.44
22,1901.76,815.22
4,180.77,280
9,250.09,158
17,1608.82,807.63
21,2411.62,741.56
26,1787.3,967.12
10,2339.87,1216.55
4,229.34,158
19,7200.92,1372.94
7,324.19,738.26
37,4607.75,0
23,1556.22,513.4
11,1645.68,860.69
1,0.02,1550
10,545.82,158
31,2268.46,860
24,2455.08,156
10,893.96,1137.59
15,620.99,158
17,2633.67,819
6,907.62,2000
7,3406.26,982.79
2,35,1857
5,1626.26,2516.67
16,1273.26,859.69
14,1032.2,900
25,1968.57,874.53
35,4717.23,1003.72
6,1627.21,1018.66
20,1314.02,597.13
2,1.03,3880
1,0.31,1475
10,1646.28,819.16
22,2137.39,929.16
1,0.02,1900
4,79.49,702.48
1,0.02,700
9,696.6,746
7,1535.67,750.05
23,2077.01,1130.61
25,8251.57,1050
23,1762.82,1564.12
4,2204.81,828.37
12,272.37,150
4,863.25,0
2,20,3000
12,2760.89,874.53
9,928.31,150
4,240.35,1204.16
14,1618.98,807.63
2,0.04,823.94
8,1727.56,904.42
9,508.43,800
1,1.7,1700
2,104.34,1242.93
1,1.55,0
19,3337.05,1200
2,0.08,800
3,877.31,430
1,0.01,2090
40,26279.69,807.63
38,2480.77,849.15
8,2030.98,702.21
22,1426.95,158
40,3638.83,964.25
5,593.93,4950
15,2218.14,720
3,127.77,0
2,19.71,764
45,2494.77,1207.29
11,1594.5,150
5,731.68,578.4
4,141.65,650
2,0.04,2700
8,299.27,150
9,3011.92,1120
1,0.93,750
14,1436.34,158
28,598.38,0
15,8392.38,1048.26
16,593.63,452.29
15,1293.69,812.63
13,6061.48,1192
1,0.02,1200
35,6199.93,849.15
1,0.02,1948
2,80,6200
5,47.12,1420
2,1.02,1786.12
4,108.38,1170
4,968.12,463.67
22,127886.16,1305
5,4755.94,1060.55
13,1811.48,3259.94
1,0.31,0
5,48.52,3872
6,2050.68,0
9,1724.84,1820
3,178.63,178
32,2063.48,802.56
30,8983.68,0
17,2642.79,1256.49
5,893.21,969.12
6,276.26,155
4,910.59,1365
3,333.73,472
1,0.02,2253.02
20,2477.62,986.03
3,40.05,0
1,0.05,1132
26,2082.19,1118
23,1259.73,611.53
3,70.03,1198
1,0.02,4600
36,10475.73,639.09
3,996.72,700
3,363.3,1637.75
16,3581.98,833.77
9,1251.07,954.32
2,19.71,934
6,950.03,1925
23,1626.93,816.16
29,2691.61,615
28,1733.03,686.04
44,8099.2,969.12
5,220.19,178
2,0.04,600
3,157.81,150
13,2210.99,1022.18
4,203.54,0
39,1966.77,904
17,2700.58,158
1,0.02,180
35,10353.23,819.16
48,3007.9,819.16
17,1477.32,661.4
40,2128.69,833.77
15,1678.02,158
15,3200.72,874.65
3,2.94,600
4,262.99,150
38,4244.73,969.12
37,2011.34,4073.5
20,1433.47,3293.93
14,1925.75,864.3
6,77.25,0
7,1434.03,1755.93
12,1228.86,904.52
8,1569,800
4,230.77,150
2,19.71,0
10,3117.35,1090.62
78,27586.74,739
15,1948.72,930
6,1035.4,0
2,400.46,1326
30,3048.57,1200
10,2656.56,1165.76
34,5274.07,819.16
17,4162.8,1623.35
7,244.38,1003.72
22,1617.78,869.15
45,5013.13,555.88
12,1622.5,565.27
1,0.02,1550
1,0.02,550
23,3836.39,807.63
5,1020.47,1100
16,1733.37,340.66
1,0.02,7690
13,3481.27,1629.41
5,3148.57,1955
2,19.71,150
10,2170.53,833.77
1,0.02,1797.09
3,1097.47,650
21,1879.49,888.37
4,199.56,1003.72
5,223.43,917.73
11,2058.96,1130.61
18,4916.59,156
17,1634.1,0
5,936.58,690.79
5,218.99,248
16,1407.58,807.63
21,7684.56,818.55
4,6240.86,0
24,890.97,150
1,0.02,650
31,3134.51,1783.4
14,1814.45,1360
27,2345.74,986
26,11550.57,1055.66
1,0.02,1250
13,1521.67,937.59
43,7618.65,849.15
12,1084.72,849
57,5122.89,1130.61
6,390.34,1500
1,0.02,210
34,1997.89,100
12,2870.71,1003.72
28,4732.11,1543.58
15,1777.95,627
7,1149.7,860.69
38,2526.93,0
11,275.13,158
2,10.1,158
2,24,1056
30,2063.11,969.16
23,1576.13,849.15
35,944.79,510.46
7,1463.04,150
9,11075.86,1003.72
1,0.07,8180
7,840.78,1220
37,9180.63,1110.43
15,1751.98,937.59
9,849.39,827.63
2,0.1,2500
22,1845.96,150
23,2767.63,1257.49
9,2062.57,1275.84
1,0.02,1400
27,7987.9,2147
19,3231.72,1059
1,0.06,2200
9,1523.98,800
10,4843.14,1003.72
29,3106.48,2287.49
6,509.72,861.13
19,2977.99,1234
19,3018.68,1200
2,1.02,200
3,20.5,3790.27
8,440.17,889.37
6,4954.14,1800
10,790.49,938.32
13,1710.92,980
11,1977.3,1470
16,2240.95,833.77
5,696.12,500
3,42.79,978.61
13,1527.77,665.6
19,3301.07,156.78
15,1869.49,1079.43
15,1808.29,833.77
11,2367.73,2400
4,30.33,950
13,1375.69,1343
14,848.95,1202.24
28,20831.33,160
11,314.89,150
13,355.28,150
13,2734.05,1014
1,0.02,10
9,1162.1,1229
1,0.02,700
32,3938.73,3223.69
1,0.02,500
13,2041.91,1802.2
13,2123.22,1042.13
9,1828.77,1585
12,1730.53,977.95
9,646.69,526
23,2692.07,920.67
3,2.19,0
12,372.66,2691.6
25,2231.07,1068.56
4,704.12,1000
39,2341.54,1910
29,3017.14,1482.04
2,0.04,0
7,280.01,203
5,979,792
3,37.47,74
1,0.02,1200
26,5386.35,950
18,1242.93,620
14,1079.33,739.45
9,94.62,1710
19,4649.96,1544.52
9,2325.52,819
2,69.76,0
19,2219.13,812.51
1,0.02,1500
1,0.13,400
7,893.18,819.16
22,962.02,366.05
8,675.15,430
19,956.18,493
9,945.13,1022
29,5697.2,553
2,19.71,1450
8,368.18,208
7,2128.2,1530
29,2478.71,937.59
26,2272.51,874.53
35,5150.68,833.83
35,1444.65,737.18
1,0.31,0
13,2173.59,1138.49
33,1645.41,900
4,1007.27,0
8,927.79,1028.77
24,8899.1,698.18
19,1729.67,747
38,6525.86,812.99
15,1614.37,944.1
6,204.84,928.89
26,3563.4,859.58
17,766.21,534
3,200.15,1894
11,1902.24,1115
17,1368.93,1059.75
5,454.2,800
3,56.54,655
2,1029.32,2900
2,35.04,950
1,0.02,350
1,0.03,0
19,7731.88,833.77
7,169.14,258
13,474.78,280
3,595.66,531
5,47.12,2206
1,0.02,1080
14,1119.78,852
17,1454.06,649
30,1424.22,1029
17,1946.67,694.61
3,219.84,0
1,0.35,471.27
3,127.51,0
7,1439.01,1827.99
2,19.71,1022.18
4,951.95,1031.95
21,1843.07,150
3,132.35,0
5,71.59,1385.6
31,1904.25,1254.51
8,2957.99,1722.17
19,496.81,248
4,317.8,150
9,290.81,158
21,2595.29,1620
15,4840.37,849.15
9,392.12,1000
14,2103.99,833.77
12,779.54,807
24,7253.49,1730.69
2,19.71,900
1,0.01,0
8,659.31,542.27
25,8458.45,1257.49
7,2422.82,1595.56
7,573.17,574.62
12,2994.28,685.16
2,19.77,2700
13,1317.87,782.11
13,1856.8,750
1,0.02,0
16,341.36,150
28,2484.6,1070.13
2,1000.05,1500
13,1619.76,807.63
7,5174.11,657.54
17,949.27,807.63
11,1509.87,799.24
8,2202.45,653.66
22,2341.33,0
22,1616.96,860.69
25,3178.01,1300
11,300.67,150
7,605.31,496.22
17,1807.93,691.57
1,0.43,0
20,1201.26,900
10,6437.86,0
2,93.92,518.43
3,3.23,1537.5
9,301.55,728
2,19.71,1200
7,2135.91,1090.62
13,1791.04,676.05
34,1386.82,819
4,744.8,489.99
9,2852.83,0
29,16230.38,860.69
10,619.98,461.95
15,1657.99,600
6,224.09,158
14,2931.94,1700
1,0.02,0
44,4876.94,807.1
2,19.71,0
1,0.01,0
6,558.91,986.03
14,10447.1,120
3,30.33,954
9,2776.01,692.88
9,1675.97,709.72
9,2018.62,1447.75
6,319.96,1090.62
6,923.19,1180
12,3049.24,1579.16
3,0.17,1850
5,658.95,412.71
3,1048.35,2082.35
15,1727.45,890.62
26,5681.57,849.15
17,3686.06,900
2,19.72,0
19,1263.05,819.16
5,796.09,1002.54
17,1616.39,849.15
2,19.71,2184
17,3593.32,1770.11
4,218.43,0
23,1924.76,672
5,723.91,429
24,1501.8,823.18
6,239.12,800
21,1083,481
1,0.02,800
20,2290.51,1077.29
4,3000.08,816.32
39,12931.52,1104
7,65038.42,400
3,11.03,1570
53,5219.16,620.87
16,2029.7,601.67
15,1667.47,819.16
7,291.78,897
7,1700.43,860.69
12,3316.91,1200.32
38,2298.43,819.16
2,30,7733
28,2431.29,849.15
2,29.82,0
16,6048.14,833
28,1278.26,150
1,0.09,0
13,6014.16,1865.36
9,54.09,80
48,2917.97,1304.4
1,0.31,0
22,5481.65,1000
18,2235.65,1097.28
26,1756.3,974.01
32,5386.84,860.69
20,1666.35,800
18,1602.17,867.81
22,2127.54,849.15
1,0.02,1268
13,2398.79,927.29
2,767.66,355
1,0.02,559
20,2025.78,1566.2
13,792.96,800
9,17443.39,675.1
19,2086.29,1022.18
3,540.05,744.57
27,8183.27,1022.18
8,866.76,808
3,202.73,1550
4,211.45,653
16,11132.5,1145.22
15,1013.9,710.04
2,19.71,0
4,361.79,400
30,1861.91,2230
17,1611.75,807.63
3,76.53,990
15,3290.4,859.8
1,0.02,830
12,2133.33,0
1,0.02,150
9,2578.3,0
17,2025.33,1132.49
1,0.02,3700
10,198.4,1820.26
10,5256.06,158
11,1362.99,732.1
35,1876.16,807.63
2,250.54,1360
10,3683.56,1048
